Name,Qty,RetailPrice,ListPrice,CategoryId
4g,5,23,20.29,2
Appetason Capsule,4,14,12,2
Arcoxia 60mg Tablet new=10(56.42),3,62,53.74,2
Apilets EC 80mg Tablet ULPD/DYNA =100 REF00355016 (5.18),5,6,4.62,2
ATC Fish Oil Capsule dyna=90(5.85),68,7,5.85,2
ATC Garlic Oil Capsule,10,7,5.85,2
ATC Livermarin Capsule,45,11,9.45,2
ATC Redoxfat Capsule (8-26-23),20,16,14.4,2
BARLEY POWDER Sachet NEW=30(28.19),26,35,28.19,2
ATC Gingko Biloba cap= allpmed,30,7,5.85,2
ATC Spirulina cap,0,8,6.3,2
Atenurix 40mg Tablet allpmed=30(20.12),41,23,20.31,2
Augmentin 625mg Tablet dyna- 4/24/2024,3,61,55.55,2
Azyth 500mg Tablet (3-20-24=dp,0,109,99.22,2
Co-Aleva 10mg/500mcg Tablet NEW=20(30.37),36,35,30.37,2
Bactidol Lozenges lemon,5,71,64.03,2
Bactroban Ointment 5G (SI 3373948/3051213679),2,417,378.66,2
Bacreat oint 3g  (8-09-2023),0,222,201.81,2
Benadryl One 10mg Tablet,0,36,32.47,2
Benadryl AH 25mg Capsule,15,23,21.03,2
Benadryl AH 50mg Capsule,0,30,27,2
Amlife 100mg/5mg Tablet ulpd00330228,30,32,28.39,2
Berroca Eff. Tablet 15',0,304,276.05,2
Berroca Eff. Tablet 10' (11-08 2023),2,217,196.6,2
Berroca Eff. Tablet 1'',32,24,21.11,2
Betnovate 1mg/g Cream 5G DP=6-14-2024 SI 3381713/3051217600,0,363,329.98,2
Betnovate 1mg/g Ointment  5G DP=6-14-2024 SI 3381713/3051217600,1,363,329.98,2
Bewell C 500mg Capsule,25,6,4.68,2
Bewell c Protect Cap,25,8,6.45,2
Biguerlai Slimmin 2g Tea,0,7,5.17,2
Bioderm Ointment 5G Tube,3,25,20.48,2
Biofit 1.275g/0.425g Tea,42,7,5,2
Biofit 1.275g/0.425g Tea allpmed,0,7,4.47,2
Bioflu 10mg/2mg/500mg Tablet,725,9,7.92,2
Biogesic 500mg tablet PROMO,0,4.5,3.97,2
Bewell C 500mg Capsule,20,10,8.5,2
Bio 0il,1,481,436.94,2
BL 10mg/500mcg/g Cream 7G (DP=8-17-2022,2,40,30.22,2
Bonamine 12.5mg Chew Tablet allpmed30(9.31),43,11,9.68,2
Bonamine 25mg Chew Tablet new=40(12.73),0,15,13.05,2
Buscopan tablet NEW=30.38 (20),37,34,30.38,2
Buscopan Venus tablet NEW=36.50(12),11,40,36.5,2
Buscopan Plus Tab,17,39,35.43,2
Cortizan cream 10g SI.3702844/3051378208,1,255,231.79,2
Bravo Capsule,0,148,133.5,2
Calci Aid Capsule,0,11,9.37,2
Catrate Plus tablet new=100(8.46),68,10,8.5,2
Catrate Plus tablet 30',0,253,229.43,2
Caltrate Silver Tablet,88,12,10.24,2
Calciumade Tablet NEW=40(9.47),44,11,9.47,2
Calmoseptine Ointment NEW,40,40,36,2
Calmoseptine Ointment=allpmed,0,40,36.06,2
Canesten Cream 3g,7,135,122.43,2
Candez 8mg Tablet,20,23,20.91,2
Candez 8mg Tablet= new price,0,23,21.12,2
Candez 16mg Tablet,27,38,34.49,2
Cataflam 50mg,10,42,37.61,2
asdddddddddddd,11,38,33.96,2
Cecon 500mg tablet new=20(8.65),54,10,8.65,2
Calvit gold NEW=20(8.31),0,9,8.31,2
CEELIIN GUMMIES NEW=2(174.73),3,193,174.73,2
Ceelin 100mg Cheewable Tablet 30' ULPD00354142,2,165,149.45,2
Ceelin Plus Cheewable Tablet NEW=100(6.22),112,7,6.22,2
Ceelin chew 60' ulpd00348946,1,301,273.72,2
Ceetab 500mg Tablet bottle ref#ulpd00360907,2,268,243.02,2
Celcoxx 200mg Capsule,0,35,28.68,2
Celcoxx 200mg Capsule,23,38,30.27,2
Celcoxx 400mg Capsule,10,52,44.33,2
Centrum Silver Tablet new=100(12.37),117,14,12.37,2
Centrum Silver Tablet 30' NEW=5(347.36),6,382,347.36,2
Centrum Advance Tablet NEW=9.74,146,11,9.74,2
Centrum Advance Tablet 30',2,299,271.05,2
Cherifer PGM with Zinc Capsule,47,20,17.59,2
Claricort 10mg Tablet (NEW 20=39.07),0,44,39.91,2
Claritin 10mg Tablet,0,35,31.47,2
C-Lium Fiber Sachet,36,16,14.14,2
Clusivol Plus Tablet NEW=32(7.22),18,9,7.66,2
Combantrin 125mg Tablet new=4(44.87),5,50,38.05,2
Combivent UDV 500mcg/2.5mg 2.5ML,0,61,55.41,2
Conzace Capsule NEW=(13.87=100),125,16,12.48,2
Coveran 10mg/10mg Tablet,26,36,32.38,2
Concore 5mg Tablet (8-09-2023) SI#2969226/3050950208,0,31,27.98,2
Curmea Capsule,0,9.5,8.07,2
DDC AMOXICILLIN 500MG CAP,100,4,1.82,2
DDC ATORVASTATIN 20MG TAB,14,9,5.6,2
DDC METFORMIN TAB 500MG,71,2,1.05,2
Daflon 500mg Tablet,24,51,46.05,2
Daflon 1000mg Tablet,30,87,78.96,2
Daktarin Oral Gel 20mg  3.5G NEW=5(269.43),0,309,272.23,2
Daphne 500mcg Tablet=ALLPMED,0,132,116.21,2
Daphne 500mcg Tablet new=4(127.89),0,141,127.89,2
Decilone Forte 4mg Tablet ULPD=20(31),40,35,31.64,2
Decolgen Forte 25mg/2mg/500mg Tablet=DYNA,0,7,6.51,2
Decolgen Forte 25mg/2mg/500mg Tablet,173,9,6.92,2
Decolgen Forte 25mg/2mg/500mg Tablet DYNA,0,8,6.99,2
Decolgen No Drowse 10mg/500mg Tablet=new price NEW=7.59,90,9,7.59,2
Decolgen No Drowse 10mg/500mg Tablet,0,8,6.71,2
Decolsin Capsule,20,13,11.86,2
Dequadin Lozenges (Orange) new=20(5.78),43,7,5.61,2
Dermalin Burn Ointment 15g ULPD00344626/348262,2,112,101.01,2
Dermovate 500mcg/g Cream 5G,0,380,345.44,2
"Dermovate 500mcg/g Ointment 5G (DP=jan.31,2024)",0,362,328.99,2
Diamicron MR 60mg Tablet,0,29,25.99,2
Diane 35 Tablet =new price 2(675.30),3,743,675.3,2
Diatabs 2mg Capsule ADVANCE NEW,6,19,16.64,2
Diatabs 2mg Capsule NEW=100(7.48),23,9,7.48,2
Difflam Lozenges 3mg NEW=16(30.92),27,35,30.92,2
Dilantair 200mg Tablet,17,16,13.95,2
Dilantair 400mg Tablet SI3457180/3051259590 new=30(20),37,23,20,2
Dolcet 37.5/325mg Tablet,6,59,53.38,2
Dolfenal 250mg Tablet new=100(16.46),142,18,16.46,2
Dolfenal 500mg Tablet new=16(31.7),33,35,31.7,2
Dolo Neurobion Tablet new=22.07(100),105,27,22.3,2
Drapolene Cream 55G,1,358,324.81,2
Duavent 500mcg/2.5mg/2.5mL  Pulmoneb NEW=42.23(20),19,47,42.23,2
Duavent 500mcg/2.5mg/2.5mL  Pulmoneb =DYNA,0,46,41.27,2
Dulcolax 5mg Infant Suppository NEW=59.66(10),9,67,59.66,2
Dulcolax 10mg Adult Suppository,6,67,59.86,2
Dulcolax 10mg Tablet new=20(23.45),32,26,23.45,2
Duphaston 10mg Tablet new=20(78.51),12,88,78.51,2
Duomax Tablet,0,9,7.45,2
Duvadilan 10mg Tablet,11,32,29.18,2
Dynatussin Capsule,15,13,11.9,2
Elica Cream 5G,1,482,438.13,2
Elica Oint 5G NEW(1)=438.13,3,482,438.13,2
Enervon NEW PRICE,1,7.5,6.74,2
Enervon zinc TAB,212,10,9.24,2
Enervon 30',0,223,202.29,2
Enervon  Activ Tablet dyna=20(13.30),26,15,13.16,2
Erceflora Oral Solution 5ML /ALLPMED=80(41.09),48,46,41.09,2
Essentiale Forte Capsule NEW=20(33.41),21,39,34.59,2
Eveprim 1000mG allp=30(25.93),30,29,26.46,2
Eyeberry Capsule,44,17,15.3,2
Eye Mo Red Eye 7.5ML,0,100,89.38,2
Eye Mo Red Eye 7.5ML dyna,5,100,82.91,2
Eye Mo Blue Eye 7.5ML,0,108,90.76,2
Eye Mo Blue Eye 7.5ML,8,108,90.76,2
Eye Mo Green 7.5ML,3,95,86.4,2
Exflem 600MG Powder sachet ddc=30(38.41),21,42,38.03,2
Exflem 600MG Tablet,0,40,36.07,2
Excluton  500mcg Tablet,1,227,205.98,2
E-Zinc 20MG Tab,0,11,9.8,2
Fenoflex 160mg Capsule,14,41,36.91,2
Fern-C 565.18mg Capsule  new=30(8.8),43,10,8.27,2
Fixom 3 Tablet,70,10,9.16,2
Fixom 4 Tablet,90,11,9.78,2
Flanaxhot cream 15g SI3436236/3051249238,0,85,76.94,2
Flotera powder ulpd-00329852 new=5(39.24),7,43,37.37,2
Flammazine Cream 5G dyna=4-30-2024,0,326,298.64,2
Flanax Forte 550MG Tablet 10=20.87,11,24,20.87,2
Flanax 275mg Tablet new=100(10.46),81,12,10.46,2
Fluimucil Granules 100MG Granules,32,14,12.11,2
Fluimucil Granules 200MG Granules new=30(15.79),29,18,15.97,2
Fluimucil Effervescent Tablet 600MG=,0,39,34.87,2
Fluimucil Effervescent Tablet 600MG new=40(32.77),32,39,32.77,2
Folart 5mg Capsule,48,11,9.31,2
Folicard 5mg Capsule,3,7,6.3,2
Fornidd 500mg Tablet,8,22,19.31,2
Fortifer FA Capsule,0,19,17.09,2
Fortifer fa tab ulpd,31,18,16.92,2
Forti D cap NEW=100(6.7),37,8,6.7,2
Fortima Tab,43,13,11.14,2
"Foskina B Oint  5g (Aug. 10, 2024) REF#3436236/3051249238",1,510,463.05,2
Foskina 5g creAM  REF 3655321/3051355371,1,281,255.19,2
Fortiflex cap,0,20,17.78,2
Flotera chew tablet  NEW=10(37.31),16,41,35.53,2
Fucidin Ointment (1.20.2024),0,393,357.14,2
Gaviscon Chewable Tablet,15,19,16.65,2
Gaviscon Sachet 10ML = ALLPMED=24(28.69),6,32,28.98,2
Gaviscon Double Action sachet,0,38,34.17,2
Gaviscon Double Action SACHET new=24(34.35),36,38,34.52,2
Gen Cee Capsule,20,6,5.29,2
Glutaphos Tablet,37,10,8.37,2
Glutawhite 100mg Capsule,0,16,14.49,2
Glydolax Infant Suppository 1.9G new,6,15,11.28,2
Glydolax Infant Suppository 1.9G new new=12(11.43),13,15,11.43,2
Glydolax Adult Suppository 2.5G NEW=12.57(12'S),23,16,13.24,2
Green Barley Capsule,29,10,8.72,2
Hemarate FA Tablet,88,25,22.19,2
Hemarate Tablet,0,27,23.97,2
Hemostan 500mg Capsule new=20(42.99),16,48,40.9,2
Heraclene 1MG Capsule,16,19,16.7,2
Hidrasec powder SI#3773939/3051411292,16,55,49.98,2
Hidrasec 100mg cap SI3408337/3051233360,10,59,53.45,2
Hydrite Granules Apple Sachet,33,19,16.1,2
Hydrite Granules Apple Sachet ULPD GREEN=10(15.37),0,19,16.1,2
Iberet Active Tablet 500mg,17,32,29.08,2
Iberet Folic Tablet  NEW=20(30.56),18,34,30.56,2
I-Max 500mg Tablet,128,6,5.13,2
Imdur Durules 30mg Tablet,0,35,31.5,2
Immunopro 552 mg Tablet ulpd=100(7.63),183,8.5,7.63,2
IMODIUM allpmed,0,18,15.64,2
IMODIUM,20,18,16.38,2
Immunomax Forte cap,0,48,43.16,2
Imodium 2mg Capsule,16,16,13.1,2
Inderal 10mg Tablet,27,17,15.43,2
Inderal 40mg Tablet,2,28,24.75,2
Janumet 50mg/500mg Tablet,33,28,25.05,2
Kastair 4mg,24,25,22.22,2
Kastair Ez 5mg ULPD00346037 NEW=28(26.77),41,30,26.77,2
Kastair 10mg ULPD00346492,19,43,38.74,2
Kiddelets 120mg Tablet,18,4,3.16,2
Kiddelets 120mg Tablet,20,4,3.33,2
Kidney Care Capsule,33,18,15.3,2
K-Lyte 600MG Tablet new=20(18.24),24,20,18.24,2
Korgivit E Capsule,25,8,6.43,2
Kremil S Tablet =new price,185,9,7.99,2
Kremil Advance Tablet  new=100(19.41),176,22,19.41,2
kremil S COOL RELEIF Sachet ULPD00333748,6,32,28.66,2
Lactezin 100mg/11.1 IU/5mg Capsule  new=20(26.72),26,30,22.91,2
Lady Pills 30mcg/125mcg/75mg Tablet allpmed=20(41.45),20,46,41.45,2
Lamisil AF 10mg/g(1%) Cream 3g,0,194,176.45,2
Lamisil AF 10mg/g(1%) Cream 10g,1,460,419.08,2
Lanoxin Tablet 0.25mg Tablet,0,6,5.06,2
Lasix 40mg Tablet,0,35,31.77,2
Lifezar 50mg Tablet ulpd-00362479,32,26,23.58,2
Life Oil capsule,12,17,14.85,2
Liveraide Capsule,30,20,17.64,2
Llanol 100mg Tablet-ULPD00339442,0,14,12.84,2
Llanol 300mg Tablet ULPD00341436,17,43,38.85,2
Lola Remedios NEW=240(10.36),61,12,10.45,2
Lomotil 2mg Tablet (30=11.29 NEW PRICE) free=10,47,13,11.52,2
Loviscol 500mg Capsule,8,14,12.74,2
Maalox No. 1 200mg/200mg Chew Tablet,19,12,10.25,2
Maalox Plus 200mg/200mg/25mgTablet NEW=20(14.97),23,17,14.53,2
Marvelon Pill,2,215,195.23,2
Maxitrol Eye Drops SI3328071/3051187316(4-24-2024),1,644,585.45,2
Maxitrol Opthalmic Ointment 3.5G (3702844/3051378208,1,644,583.96,2
Maxvit Sofgel Capsule new=20(14.54),4,16,14.54,2
Medicol Advance 200mg Capsule,28,7.5,6.47,2
Medicol Advance 20mg Capsule DYNA,85,7.5,6.06,2
Medicol Advance 400mg Capsule,102,13,11.09,2
Mediafortan AS Capsule,0,16,14.23,2
Medrol 4mg Tablet,0,18,16.42,2
Meganerv 300mg/100mg/100mcg Capsule,15,15,13.79,2
Memo Plus Gold Capsule  NEW PRICE,23,21,18.63,2
Memo Plus Gold Capsule,45,21,12.76,2
Micardis plus 80mg/25mg tablet,30,50,45.4,2
Micardis Plus  40mg Tablet,12,26,23.84,2
Micardis 40mg Tablet  new=25.03(30),43,28,23.84,2
Micropill 400mcg/35mcg Tablet = 68.57(12),15,76,68.58,2
montemax 10mg tab ref 3344115/3051197464,30,42,38.33,2
Midol 200mg Tablet NEW=20(10.23),16,13,11.52,2
Momate cream,0,390,354.6,2
Montiget 4mg Tablet,23,20,17.77,2
Montiget 5mg Tab allpmed(20.46-14'),7,25,21.6,2
Moriamin Forte Capsule,15,14,11.81,2
Mosegor Vita Capsule new,27,66,59.46,2
Mosegor Vita Capsule NEW=20(56.10),0,66,56.1,2
Montiget sachet 4mg,20,31,27.72,2
Motilium 10mg Tablet 30.55,4,34,30.55,2
Mucobron Forte Capsule,25,14,12.53,2
Mucosolvan Retard 75mg Capsule,6,49,44.16,2
Mucosolvan 30mg Tablet NEW=20(19.20),34,20,18.32,2
Mucotuss Capsule,39,7,5.98,2
Montiget 10 mg Tablet,4,36,32.4,2
Mupicin 20mg(2%) Ointment ulpd00362479/ DDC=1(300.73),3,331,297.69,2
Meptin 10mg tab,10,21,18.82,2
MX3 Capsule 500mg,74,17,15.18,2
MX3 Coffee Mix Sugar Free 10G (ALLP=30(16.05),36,18,16.02,2
MX3 Plus Capsule SI#2677090/3050764036,85,28,25.2,2
Myonal 50mg Tablet NEW=30(23.73),37,29,26.27,2
Myra E 400IU 30's,0,375,327.17,2
Myra E 400IU 30's NEW,6,375,340.77,2
Myra E 400IU (dyna 100(11.25),360,13,11.58,2
Myra Ultimate  NEW=100(18.71),30,21,18.71,2
Myracof 30mg Tablet,14,8,5.55,2
Nafarin-A Tablet  DYNA=20(7.76),21,9,7.68,2
Nasatapp 12.5mg/4mg Tablet,103,9,7.84,2
Natalac 250mg Capsule,14,10,9.22,2
Neobloc 50mg Tablet allp=40(3.70),52,5,3.94,2
Neobloc 100mg Tablet ALLP=30(6.48),44,7.5,6.51,2
Neozep Non-Drowsy 10mg/500mg Tablet NEW=100(7.16),129,9,6.22,2
Neozep Forte 10mg/2mg/500mg Tablet,0,7,5.53,2
Neoaep plus zinc tab NEW,490,7,6.47,2
Neurobion Tablet NEW=22.83(50),84,25,20.35,2
Neurogen E Tablet  new=18.49(100),117,20,18.49,2
Nebilet 5mg Tablet new=30(18.14),22,20,17.64,2
Nizoral Cream 20mg/g,2,170,154.09,2
Norgesic Forte 35mg/450mg Tablet NEW=10(36.55),22,41,36.55,2
Norvasc 5mg Tablet,2,22,19.96,2
OB Max capsule,0,9,8.25,2
Obynal M Capsule,47,16,14.09,2
Obimim cap ulpd00348262,4,21,18.69,2
Opigesic 125mg Infant Suppository,0,19,16.63,2
Optein Capsule,17,30,26.46,2
Pecof Tablet=dyna,0,17,15.14,2
Pecof Tablet=allpmeds,20,17,14.01,2
Otosol Ear Drops 10ML Ref:SI#3369032/3051210153,0,404,367.1,2
Panto plus 30mg/ Tablet,28,59,53.1,2
Pharex Vitamin E Capsule 400IU ULPD00339865,54,9.5,7.8,2
Pharex Vitamin B1-B6-B12 Tablet  NEW=800(3.63)/3000(4.27),482,5.5,4.27,2
Pharex Vit. D Capsule ULPD00355016 NEW=30(5.16),12,6,4.84,2
Pharmaton Capsule new=10(22.55),14,25,22.55,2
Plasil 10mg Tablet,0,20,17.45,2
Plemex Forte 600mg Capsule,96,8,6.17,2
Polident tab,1,15,12.65,2
Polynerve 1000 Cap;et,13,25,22.19,2
Polynerv 500 Tablet,10,37,32.98,2
Ponstan 250mg Capsule ALLMED=30(19.68),40,22,19.5,2
Ponstan SF 500mg Capsule,10,45,39.21,2
Potencee 500mg  Sugar CoatTablet ddyna=100(5.42),141,6.5,5.42,2
Potencee 500mg  Sugar  coat new,179,6,5.42,2
Potencee Forte 1000mg Tablet,20,11,9.95,2
PIOZONE 30MG TAB. ULPD00346037,23,31,27.76,2
PotenCEE + C Capsule new 40(18.655),6,21,18.65,2
Potencee Advance,100,12,10.58,2
Pred 10mg tablet,20,6,4.66,2
Pred 5mg tablet,13,3,2.33,2
Propan with iron Capsule=allpmeds,0,30,26.14,2
Propan with iron Capsule NEW=30(31.03),37,34,31.03,2
Provera 10mg Tablet,20,93,84.48,2
Redoxon Effervescent  Tab SI#2657365/3050752061,204,239,217.17,2
Releaf Forte 500mg Tablet  new=120(7.02),170,9,7.02,2
Renalin Capsule,0,10,8.5,2
Revicon Forte Tablet 30's,0,6,5.08,2
Revicon Forte Tablet new=5.08 (370),138,6,5.08,2
Rexidol Forte 500mg/65mg Tablet new=100(5.32),0,7,5.32,2
Rexidol Forte 500mg/65mg Tablet new=100(5.32),121,7,5.6,2
Restime chew tab,20,10,8.87,2
Restime chew tab,9,10,8.45,2
Rhea Ferrous Sulfate 325mg Tablet,1,195,156.4,2
Rhea PTU,46,12,9.1,2
RHEA Ascorbic Acid 500mg tab Bottle,0,253,230,2
Bonamine 25mg Chew Tablet  allp=40(12.730,16,15,13,2
Rhea Sodium Bicarbonate,0,6,4.99,2
Rash Free tube ULPD 00359021,1,212,192.65,2
Risek 20mg Capsule,17,35,31.5,2
Ritemed Ambroxol 30mg Tablet,137,8,6.26,2
Ritemed Amlodipine 5mg Tablet,142,6,4.96,2
Ritemed Amlodipine 10mg Tablet,65,9,7.12,2
Ritemed Amlodipine 10mg Tablet DYNA,80,9,7,2
Amoxil 500mg Capsule NEW=20(17.02),0,19,17.02,2
Ritemed Amoxicillin 500mg Capsule free,9,8,5.79,2
Ritemed Amoxicillin 500mg Capsule new=100(6.88),180,8,5.73,2
Ritemed Ascorbic Acid 500mg Tablet 100's ULPD00319769,190,2.5,1.72,2
Ritemed Azithromycin 500mg Tablet,6,99,81.02,2
Ritemed Carbocesteine 500mg ULPD00355016,234,6,4.97,2
Ritemed Cefalexin 250mg Capsule,0,14,10.94,2
Ritemed Cefalexin 500mg Capsule,75,20,15.67,2
Ritemed Cefuroxime 500mg Tablet,78,50,40.32,2
Ritemed Diclofenac 50mg,0,16,12,2
Ritemed Cetirizine 10mg,25,15,12.23,2
Ritemed Ciprofloxacin 500mg Tablet ulpd00349671,115,23,18.55,2
Claritin 10mg Tablet,3,35,31.74,2
Ritemed Clopidrogel 75mg Tablet NEW=50(15.72),48,19,15.75,2
Ritemed Cloxacillin 500mg Capsule ulpd-00364211,100,16,12.99,2
Ritemed Colchicine 500mcg NEW PRICE,100,5,3.51,2
Ritemed Colchicine 500mcg,15,5,3.32,2
Ritemed Co-Amoxiclav 625mg Tablet,6,35,28.09,2
Ritemed Iron+Folic Tablet,219,4,3.06,2
Ritemed Atorvastatin 20mg tab ulpd00349671,0,16,12.66,2
Ritemed Felodipine 5mg Tablet ULPD00319769,100,13,9.75,2
Ritemed Glimepiride 3mg Tablet,30,12,9.55,2
Ritemed Glimepiride 2mg Tablet,111,11,8.79,2
Ritemed Losartan 50mg Tablet plus free 10 tab,125,13,9.9,2
Ritemed Losartan 100mg Tablet,47,16,12.93,2
Ritemed Loratidine 10mg Tablet FREE=10,34,18,14.52,2
Ritemed Mefenamic 250mg Tablet,166,4,2.87,2
Ritemed Mefenamic 500mg Tablet,0,5,3.65,2
Ritemed Mefenamic 500mg Tablet  FREE,89,5,3.92,2
Ritemed Metformin 500mg tablet,88,4,2.67,2
Ritemed Metformin 500mg tablet DYNA,35,4,2.7,2
Ritemed Meloxicam 15mg tablet,43,41,33.25,2
Ritemed Metopropol 50mg Tablet,50,3,2.29,2
Ritemed Metronidazole 500mg,86,14,10.7,2
Ritemed Montelukast 5mg Tablet,20,21,16.8,2
Ritemed Montelukast 10mg Tablet,19,31,24.46,2
Ritemed Omeprazole 40mg,31,38,29.81,2
Ritemed Telmisartan 40mg Tablet,4,13,10.06,2
Ritemed Telmisartan 80mg Tablet,21,18,14.31,2
Ritemed Trimetazidine 35mg Tablet ddc=60(11.58) NEW=60(12.03),107,14,11.47,2
Ritemed Rosuvastatin 10mg Tablet,15,26,21.21,2
Ritemed Amlodipine/Losartan 50/5mg Tablet,34,20,15.47,2
Ritemed Vitamin B1 B6 B12 Tablet,215,5,3.78,2
Ritemed Salbutamol 2mg,31,5,3.06,2
Ritemed Simvastatin 20mg Tab,22,16,12.23,2
Ritemed Metformin 1g Tablet ulpd00367278,50,11,8.51,2
Ritemed Paracetamol 500mg Tablet ULPD00319435,0,3,2.1,2
Rush free oint ULPD00354142,1,212,192.65,2
Robitussin Liquigel 200mg Capsule,164,13,10.78,2
Robust 550mg Tablet,11,75,67.5,2
Robust 400mg Capsule  (9=130.83)=allpmed,10,149,135,2
Robust 400mg Tablet NEW PRICE,0,75,67.5,2
Rogin E Capsule,14,23,20.43,2
Rowachol Capsule NEW= 40(45.64),39,51,38.93,2
Rowatinex Capsule new=20(28.82),14,32,28.82,2
Sangobion Capsule,30,29,25.58,2
Plemex Forte 600mg Capsule,0,8,7,2
Saridon Triple Action NEW=100(5.79),0,7,6.3,2
Saridon Triple Action,340,7,6.3,2
Scotts Pastilles mixed berriee,1,83,73.54,2
Scotts Pastilles mixed,0,83,73.54,2
Senokot Forte Tablet 374mg new=10(20.02),11,23,20.12,2
Serc 8mg Tablet,4,58,52.74,2
Serc 16mg Tablet NEW=25(64.27),7,70,59.19,2
Serc 24mg Tablet,0,81,72.9,2
Simeco Tablet,4,7,5.94,2
Sinecod Forte Tablet 50mg  NEW=40(9.62),41,22,19.62,2
Sinupret Tablet (100=11.30)new price,33,13,11.3,2
Sinupret Forte Tablet,32,19,16.56,2
Sinutab cold FC Tablet,37,11,9.95,2
Skelan Forte 550mg Tablet,4,20,18.74,2
Skelan 220mg NEW=100(8.57),97,10,8.57,2
Sleepwell Capsule NEW=10(14.85),15,18,16.5,2
Sleepasil Capsule new=20(14.71),22,18,14.71,2
Snowcap Capsule,28,59,53.55,2
Solmux Broncho 2mg/500mg Capsule,100,15,13.65,2
Solmux Advance 500mg Capsule,62,15,12.94,2
Solmux Advance 500mg new price,92,15,13.4,2
Solmux 500mg Capsule,7,12,10.15,2
Solmux 500mg Capsule NEW,190,12,10.6,2
Sorbifer Durules 310mg Tablet new=12.16(30),26,15,12.74,2
Strepsils Chesty Cough,3,82,74.23,2
Strepsils Dry Cough,0,76,68.52,2
Strepsils Orange (NEW=65.20(9),5,73,65.99,2
Strepsils Cool (NEW=6(65.97),6,75,65.91,2
Strepsils Honey Lemon new=6(67.97),10,75,65.79,2
Strepsils Max,4,127,115.41,2
Strepsils CHERRY,2,73,65.59,2
Strepsils Sugar free,0,69,62.84,2
Strepsils Extra Strong FREE,0,73,62.84,2
Strepsils Strawberry Kids 6+,5,73,65.99,2
Stresstabs Tablet NEW=100(10.22),187,12,10.22,2
Stresstabs Tablet bottle,1,312,282.89,2
Taheebo Herbal Capsule SI#3760988/3051405277,107,10,8.82,2
Tascit 1080mg ULPD00348946,90,21,19.19,2
Tempra 325mg Tablet,32,4,3.46,2
Tempra 500mg Tablet new=3.92(30),64,5,3.92,2
Tempra Kool Touch Kids,0,52,45.6,2
Terramycin Plus Ointment 5G,0,323,292.78,2
Terramycin Plus Ointment 3G,1,250,226.74,2
Vaneular Tab,0,23,19.25,2
Tropicee Capsule NEW,30,7,5.58,2
Tobradex Eye Drops 5ML Opthalmic REF 3659416/3051357522,2,696,632.86,2
Tobradex Ophtalmic Ointment 3.5G (11-09-2022),1,597,542.22,2
Tramal 50mg Capsule,0,46,41.93,2
Triderm Ointment 5G DYNA 7-07-2023,0,588,534.63,2
Trosyd Dermal Cream 3.5G NEW=2(151.37),2,195,176.65,2
Trosyd Dermal Cream 5G 3460192/3051261338,2,271,246.37,2
Trosyd Dermal Cream 5G,0,240,217.55,2
Trust Condom Regular new=20.09(12),12,27,23.32,2
Trust Pills NEW PRICE=47.30(10)-DYNA,13,54,47.3,2
Tuseran Forte Capsule,21,12,9.71,2
Tuseran Forte Capsule new price,199,12,10.14,2
Turmeric cap 60,0,9,8.1,2
Tylenol 650 mg Tablet NEW=50(8.23),57,10,8.73,2
TWYNSTA 40/5MG Tab,22,22,19.22,2
Valda Pastilles (9-30-2022),0,55,49.27,2
Vaneular Tab NEW=19.49(144),24,23,20.27,2
Ventolin Nebules 2.5mg/2.5ml,0,45,40.86,2
Ventolin Rotacap,0,10,8.76,2
Ventolin Rotacap,0,10,8.94,2
Vicks ZZZQUIL 24'S,7,475,435.37,2
Vicks oRange Lozenges NEW=24 +24,18,10,8.56,2
Vicks Lemon Lozenges NEW=24 +24,24,10,7.08,2
Vicks Lemon Lozenges 8's,0,75,68.52,2
Vicks Orange Lozenges 8's,4,75,68.52,2
Virlix Tablet 10mg,6,34,30.43,2
Visine Red Eye Drops 6ML,2,162,147,2
Vivalyte Powder Sachet - Apple NEW=20(14.13),7,17,15.43,2
Vivalyte juice 250ml,16,48,42.98,2
Xylogel Oral gel 25G NEW=148.5 (2),2,165,148.5,2
Xanthone plus cap  2741805/3050805058,324,14,11.7,2
Xanthone plus GOLD cap allp=100(12.43),136,15,12.8,2
Xanthone Coffee NEW=20(17),17,19,17,2
Xelevia 100mg SI 2763587/3050818876,38,40,35.49,2
Zertin Capsule 300mg,0,22,19.8,2
Ziac 5mg,57,15,13.31,2
Zykast 10mg Tablet =NEW,0,32,28.57,2
Zykast 10mg Tablet,20,32,26.6,2
Zyrtec 10mg tablet,0,29,26.3,2
UH Ceetab 500mg tablet new=100(2.43),125,3.5,2.43,2
UH Dermatec Oint 5g ref=00354558,1,313,284.59,2
UH Ferrous 325 100',2,212,192.23,2
UH Sulfent oint NEW=2(81.40),2,97,88.12,2
Acetylcysteine 600mg FLUMODEX,33,20,9,1
Acetylcysteine 600mg Powder flechem,0,20,9.5,1
Amlodipine besilate 5mg Tab NORVATROL,4,2,0.95,1
Amlodipine besilate 5mg Tab AMLOSAPH,34,2,0.19,1
Amlodipine besilate 10mg Tab NORVATROL,0,3,1,1
Atorvastatin Calcium 20mg Tab ASTAT,100,8,1.1,1
Atorvastatin Calcium 40mg Tab TORVASTATIN,1,10,2.1,1
Atorvastatin Calcium 40mg Tab RANVAST,73,10,3.8,1
Atorvastatin Calcium 40mg Tab ATORSAPH,20,10,2.1,1
Atenolol 50mg Tab (ZENOBLOC),94,3,1.3,1
ATtenolol 100mg Tab  2.10 PPD (ZENOBLOC),92,6,2.1,1
Azithromycin 500mg Tab,0,50,8.67,1
Bacillus Clausii (ENCAZYM Ambica),15,30,12.84,1
Betahistine 16mg Tablet CENVERT,61,15,1.95,1
Betahistine 24mg Tablet /VERTISAPH=100(8.7),23,32,9.5,1
Bisacodyl 5mg Tab (dylax),60,2,0.63,1
Bisacodyl 5mg Tab (dylax) PDD=100(0.75),195,2,0.63,1
Butamirate Citrate 50mg Tablet,3,12,5.17,1
Butamirate Citrate 50mg Tablet SAPHMIRATE,8,12,4.9,1
CALCIUM CARBONATE 500mg Tab AMBICAL FREMA=100(0.50),137,2,0.85,1
Clobetasol oint 10g CLOBILA,4,100,48,1
Candesartan 16mg Tablet CANDESAPH,40,15,5.5,1
cANDESartan 16mg Tablet CANDEGO,3,15,5.5,1
Carvedilol 6.25mg tablet CARDOZ/carvida=60(3.17),90,6,3.17,1
Carvedilol 6.25mg tablet (CARDOZ),11,5,1.61,1
Carvedilol 12.5mg tablet KARVIL/CARVESAPH,0,12,3.5,1
Carvedilol 12.5mg tablet CARDILOL,15,12,7.1,1
Carvedilol 25mg tablet,0,6,2.62,1
Carbocesteine 500mg Cap MUCOLIEF,20,2,0.95,1
Carbocesteine 500mg Cap VONCASTIN,0,2,0.95,1
Carbocesteine 500mg Cap MARLUXYN,76,2,0.95,1
Calcium lactate 325mg,92,2,0.52,1
Captopril 25mg Tab CAPTOBES,70,1.5,0.37,1
Celecoxib 200mg Cap (medibrex=100 (1.28),50,10,1.28,1
Celecoxib 200mg Cap (SAPHELOX) 1.75,5,10,2.25,1
Etoricoxib 120mg XIBRA=30(6.5),33,17,7.33,1
Cefixime trihydrate 200mg Tab SAPHIXIME,23,18,6.5,1
Calcium lactate 325mg (CALCISAPH) PPD(0.52=100),97,1.5,0.63,1
Cefalexin Monohydrate 500mg Capsule EXEL/SANCEPH,13,6,2.2,1
Cefalexin Monohydrate 500mg Capsule SANSEPH,100,6,2.3,1
Cefuroxime 500mg (EROXIME) PPD NEW=9.8,5,23,9.5,1
Cefuroxime 500mg (AEROX) / FUROXBET,2,23,9.5,1
Cefuroxime 500mg CEFUSAPH,42,23,9,1
Cetirizine Hydrochloride 10mg Tab Cetzy,0,2,0.425,1
Cetirizine Hydrochloride 10mg Tab CETRILIFE/LHP=300(0.28),108,2,0.35,1
Cetirizine Hydrochloride 10mg Tab SAPHZINE,0,2,0.38,1
Cetirizine Hydrochloride 10mg Tab CETICIT,300,2,0.36,1
Cinnarizine 25mg (VERTEX) PPD,40,1.5,0.65,1
Cinnarizine 25mg Tab RIZINE,90,1.5,0.8,1
Cinnarizine 25mg Tab MOTICON (Westfield),71,1.5,0.65,1
Ciprofloxacin 500mg Tab CYPROX/NOVAPROX,64,5,1.55,1
Citicholine 500mg Tablet (CITICOLE),108,28,8.5,1
Citicholine 500mg Tablet (CITISAPH) NEW=30(9.67),0,28,9.5,1
Clarithromycin 500mg Tablet,3,23,9,1
Clopidrogel 75mg Tablet (CLOPICARD,98,6,0.95,1
Clopidrogel 75mg Tablet (ANTICLOP),100,6,0.95,1
Carbocesteine 125mg Syr 60ml (CEASCOL),4,35,15.5,1
Cloxacillin Sodium 500mg Capsule (CLOXANE) NEW (100=2.60),33,6,2.6,1
Carbocesteine 250mg/60ml (CEASCOL),1,35,17.5,1
Clindamycin Hydrochloride 300mg Capsule CLIN-GEN,74,6,3.95,1
Clarithromycin 500mg Tablet,21,23,11.67,1
Chlorphenamine Maleate 4mg Tablet allermax,113,1,0.41,1
Co amoxiclav 625mg (CLAVULIFE)/RANICLAV=28(7),22,20,7,1
Co amoxiclav 625mg (C0-AMOXISAPH),13,20,7,1
Co amoxiclav 625mg (COMOXDET)/ASICLAV,43,20,7,1
Cefalexin 250mg Susp SAPHLEXIN-250,2,50,24,1
Dexamethasone 500mg Tab (UMPODEX=100(0.55),39,3,0.95,1
Diclofenac Sodium (Boren) 50mg Tab 500=0.54(triple8),305,2,0.45,1
Diclofenac Sodium (PHILFLAM)=0.55(300) 50mg Tab /MESOPID,48,2,0.3,1
Diclofenac Sodium ) 100mg Tab (CURAFEN),10,3,0.75,1
Dicycloverine Hydrochloride 10mg Tablet  (GASAIDE),10,1,0.3,1
Dicycloverine Hydrochloride 10mg Tablet  (DICYRINE),90,2,0.35,1
D-L- Tocopherol 400I.U Capsule (SAPHVIT-E),45,5,2.75,1
D-L- Tocopherol 400I.U Capsule (DELLA E)/ TANYA-E=30(3.17),0,6,3.17,1
Domperidone 10mg Tab (DOMPEDONE),97,5,0.8,1
Doxycycline Hydrochloride 100mg Cap -DOXYSAPH,100,6,1.2,1
Enalapril 5mg Tablet,83,6,2.35,1
Febuxostat 40mg (feboxosaph)/XURIC=FREMA/LHP=FEBUPREE=60(3.27),56,12,3.74,1
FERROUS SULFATE +FOLIC ACID (AMERICON),44,2,0.65,1
Felodipine 5mg tab FELOSTAT,74,9,2.7,1
Ferrous Sulfate 250mg Capsule COMFENIC,54,5,1.6,1
Ferrous Sulfate 325mg Tablet FERRICORE,245,2,0.65,1
Ferrous Sulfate 325mg Tablet FERRICORE/REGIFER=0.57(200),0,2,0.57,1
Fenofibrate 200mg Capsule FENOFAST,4,9,4.9,1
Pantoprazole 40mg Tablet RESTON-AMBICA,0,15,4.89,1
Folic Acid 5mg CapsuleFOLISAPH,55,4,0.9,1
Folic Acid 5mg Capsule INFACARE=100(1.30) /FOLISAPH,100,4,1.3,1
Furosemide 20mg Tablet,82,1,0.45,1
Furosemide 40mg Tablet,61,2,0.55,1
Gliclazide 30mg Tablet (100=1.20),0,6,1.5,1
Gliclazide 30mg tablet DIAMIR,47,6,2.5,1
Gliclazide 60mg tablet SAPCLAZIDE new=100(3.5),99,12,4.75,1
Gliclazide 80mg Tablet  ZEBET triple8=1.40(100'S),121,5,1.45,1
Gliclazide 80mg Tablet  (SAPPHIRE),89,4,0.84,1
Gliclazide 80mg Tablet  (SAPHCLAZIDE),24,4,1.25,1
Gliclazide 80mg Tablet  (DIAKON,3,5,1.66,1
Glibenclamide 5mg Tablet GLIMIDE,0,1,0.2,1
Glimeperide 2mg Tablet GLIMESAPH,271,3,0.98,1
Glimeperide 2mg Tablet DIANOV pdd=100(0.88)/ LHP=200(0.65),200,3,0.9,1
Glimeperide 2mg Tablet GLYPRIDE,140,3,0.95,1
Fenofibrate 200mg Capsule FENOSAPH NEW=100(3),70,9,3,1
Guaifenesin+Salbutamol 100mg/2mg Capsule GUIACOF,100,5,1.25,1
Hyoscine-N-Butylbromide 10mg Tab NEW=HYOSWELL(100=2.5),60,6,1.75,1
Ibuprofen 400mg Tablet,170,3,0.65,1
Ipratronium+Salbutamol Nebule  (SALRESP),0,25,18.57,1
Ipratronium+Salbutamol Nebule  (hivent plus),60,25,10.5,1
Ipratronium+Salbutamol Nebule  (RELAXSAPH),0,20,7.5,1
Irbesartan 150mg IRBEQ,64,10,3.25,1
Irbesartan 150mg IRBECEL,31,10,3.39,1
Lagundi 600mg Tablet (ASFLEM),90,4,2.1,1
Lagundi 600mg Tablet (OFPLEMED),26,4,2.1,1
Levocetirizine HCl 5mg Tablet (HEALERS),138,10,1.35,1
Levofloxacin Hemihydrate 500mg Tablet,0,23,3.25,1
Loperamide Hydrochloride  2mg Capsule LOPEDUM/100=(0.55),120,2,0.6,1
Loperamide Hydrochloride  2mg Capsule HARVIMIDE,23,2,0.62,1
Loratidine 10mg Tab (LORASAPH)/LORATAMED=100(1.45),61,5,1.45,1
Losartan 50mg tablet (ANGEL),309,3.5,1.35,1
Losartan Potassium  50mg Tablet NATRASOL,330,3.5,1.1,1
Losartan Potassium  50mg Tablet NATRASOL,248,3.5,1.15,1
Losartan Potassium  50mg Tablet ANGEL,0,3.5,1.35,1
Losartan Potassium  50mg Tablet ANGISARTAN,15,3.5,0.95,1
Losartan Potassium  100mg Tablet ANGEL,3,6,1.95,1
Losartan Potassium  100mg Tablet PROSTAN NEW=1.5(200)/artrice=100(1.60),292,6,1.5,1
Losartan Potassium  100mg Tablet NATRASOL,15,6,2.1,1
Losartan Potassium+ Hydrochlorothiazide 50mg/12.5mg Tablet COMBETZAR,0,6,1.35,1
Losartan Potassium+ Hydrochlorothiazide 50mg/12.5mg Tablet zosart,133,6,1.1,1
Mefenamic Acid 250mg Capsule MEFEMED,100,2,0.33,1
Mefenamic Acid 250mg Capsule MEFESAPH,28,2,0.6,1
Metformin 500mg Tablet FORMET,400,1.5,0.65,1
Metformin 500mg Tablet FORMET,87,1.5,0.68,1
Metformin 500mg Tablet GLYCEMET,278,2,0.68,1
Metformin 500mg Tablet GLYCEMET,0,1,0.3,1
Methyldopa 250mg Tablet BP LOW,84,9,3.5,1
Metoclopramide 10mg Tablet,80,1.5,0.7,1
Malungay Cap 500mg,12,4,1.3,1
Metoprolol Tartrate 50mg Tablet LOPREXO,8,1.5,0.6,1
Metoprolol Tartrate 50mg Tablet PROMETHIN =100(0.65),30,1.5,0.65,1
Metoprolol Tartrate 100mg Tablet,3,2.5,1.04,1
Metoprolol Tartrate 100mg Tablet PROMETHIN,70,2.5,0.95,1
Montelukast Sodium 10mg Tablet,0,15,2.6,1
Multivitamins+Iron (IRONCAP) Capsule,158,6,4.2,1
Multivitamins+Iron (Hanizyn) Capsule,20,3,0.82,1
Multivitamins+Iron+Folic Acid (Foralivit) Capsule frema=100(1.8),210,4,1.34,1
Multivitamins+Iron (MEDIRON) Capsule,66,3,0.8,1
Multivitamins (MULTILEM) Capsule,70,3,0.8,1
Multivitamins+Iron (Myrevit) Capsule,400,3,0.75,1
Multivitamins (Myrevit-b) Tablet,0,2,0.55,1
Amlodipine besilate +Losartan Potassium 5mg/50mg (LOSSAR) Tablet,100,15,2,1
Nefidipine 10mg Tablet,60,4,2.1,1
Esomeprazole 40mg Cap,8,20,5.53,1
Omeprazole 20mg Tablet OMEPRASAPH,100,5,0.61,1
Omeprazole 20mg Tablet ZOSEC,22,5,1.9,1
Omeprazole 20mg Tablet OMEPHIL,44,5,0.65,1
Omeprazole 40mg Tablet INHIBITA/OMEPHIL=100(2.95),82,8,2.95,1
Omeprazole 40mg Tablet (RANZOLE,12,8,3.15,1
Oral Rehydration Salt Powder SAPHDRITE,6,7,2.24,1
Oral Rehydration Salt Powder DEHYDROSOL,5,7,3.2,1
Pantoprazole 40mg Tablet PANTOSAPH,143,15,3.16,1
Pantoprazole 40mg Tablet HYPANTO-40,6,15,3.67,1
Paracetamol+Phenylpropanolamine HCL+ Chlorphenamine Maleate (SYMDEX) Tablet,1,4,1.78,1
Lactulose 55mg/5ml 120ml LACRTOKHRIS),3,200,90,1
Paracetamol 100MG DROP (REGIMOL),7,30,12.5,1
Phenylpropanolamine drops (SINUDIN),2,35,13.5,1
Pehylpropanolamine Syr 60ML,8,35,14.5,1
Paracetamol+Phenylpropanolamine HCL+ Chlorphenamine Maleate (SYMDEX),255,4,1.67,1
Paracetamol+Phenylpropanolamine HCL+ Chlorphenamine Maleate Drops (SYMDEX D),5,60,41.25,1
Paracetamol+Phenylpropanolamine HCL+ Chlorphenamine Maleate Syrup (SYMDEX D),1,60,41.56,1
Paracetamol 500mg Tab FLUGARD / NEW=100(0.50=ARGESIC),165,2,0.85,1
Piroxicam 20mg Capsule DLI,39,4,1.53,1
Piroxicam 20mg Capsule PIROXISAPH,6,3,1.3,1
Piroxicam 10mg Capsule(dli),152,3,1.28,1
Propanolol Hydrochloride 40mg Tablet ORANOL,89,2,0.95,1
Amoxicillin 250mg Suso (MOXYLOR),5,42,20.5,1
Ambroxol 6mg/10ml (Mobrox) /new=5(ambrolem=13.5),2,30,13.5,1
Amboroxol 15mg/60mL(broxolvan)/FREMA=6(14.68),7,30,12.75,1
Cetirizine 10mg Drops (ALLECUR),0,55,16.75,1
Cetirizine Syr 60ml (DIALIX),4,55,17.5,1
Paracetamol 250mh/60ml (PARA-250),8,35,13.5,1
Rosuvastation 20mg Tablet vestflo,89,15,2.55,1
Rosuvastation 10mg Tablet ROZATIN,0,10,2.5,1
Rosuvastation 10mg Tablet ROSOBULIC,177,10,2.15,1
Rosuvastation 20mg Tablet ROZATIN,70,15,2.9,1
Rosuvastation 20mg Tablet ROSUSAPH NEW=100(2.9),18,15,2.9,1
Sambong 500mg Tablet URISAM,3,6,3.5,1
Sambong 500mg Tablet UROLEAF 100=2.90,77,6,2.9,1
Sambong 500mg Tablet UROLEAF,100,6,2.7,1
Salbutamol Sulfate 1mg/ml Nebule (HIVENT)  NEW(PPD=90(8.83),23,15,8.83,1
Salbutamol Sulfate PLUS Ipratronium 1mg/ml Nebule (HIVENT plus),0,25,8.33,1
Salbutamol Sulfate PLUS Ipratronium 1mg/ml Nebule (relaxsaph)/LHP=90(8.67),105,20,7.5,1
Salbutamol Sulfate 1mg/ml Nebule (AEROVENT),112,15,8,1
Salbutamol Sulfate 1mg/ml Nebule (AEROVENT),0,14,8.83,1
Salbutamol Sulfate 1mg/ml Nebule (SALBUSAPH)/LHP=150(4.5),122,10,4.83,1
Salbutamol 2mg Tablet VENTOMAX=100(0.25) / VENTREX=200(0.25),122,1,0.25,1
Salbutamol 4mg Tablet VENTOMAX/ FREMA=100(0.42),20,1,0.45,1
Salbutamol 4mg Tablet  VNZ-4,95,1,0.35,1
Simvastatin 20mg Tablet saphvas-20,0,4,1.92,1
Simvastatin 10mg Tablet ZIMVAST,331,4,0.93,1
Simvastatin POWER LIVE R triple8=60(6.83),39,10,6.83,1
Simvastatin 20mg Tablet DIASTATIN,62,4,1.1,1
Simvastatin 40mg Tablet ZIMVAST(100=2.20)/DIASTIN=100(2.10),130,8,1.9,1
Sodium Ascorbate (Exel C) Capsule,12,5,2.65,1
Sodium Ascorbate (MEED CEE) Capsule,28,4,0.57,1
Sodium Ascorbate + Zinc Capsule (MEEDZINC) (SAPHZEE=200(0.95),90,4,0.56,1
Salbutamol Inhaler (SALBUMIN),6,180,80,1
Telmisartan 40mg tablet MICOR,57,10,2.8,1
Telmisartan 40mg tablet TELCOR,60,10,2.5,1
Tobramycin eye drop,0,200,120,1
Tramadol Hydrochloride 50mg Capsule RUONOX,28,6,1.5,1
Tramadol Hydrochloride 50mg Capsule OFYODEX,16,5,0.77,1
Tramadol+Paracetamol 325mg/37.5mg Tablet (DUO-GESIC)=1.05 (100),14,15,1.05,1
Tramadol+Paracetamol 325mg/37.5mg Tablet (DOLSAPH),0,15,1.4,1
Trimetazidine 35mg Tablet (TRIMELIFE)/LHP=100(1.65),131,9,1.5,1
Trimetazidine 35mg Tablet (TRIMEBET),11,9,3.17,1
Salbutamol 2mg Syr (ALBULEM),2,55,13.75,1
Trimetazidine 35mg Tablet (trimesaph) NEW=90(3.16),0,9,2.5,1
Valsartan 80mg Tablet SAPHZAR (ppd),26,17,6.9,1
Tetracycline 500mg,60,10,2.9,1
Clobetasol oint 10g CLOBILA,2,110,48,1
"Vitamin B1,B6,B12 tab AMCOVIT",195,2,0.95,1
"Vitamin B1,B6,B12 tab NEURONERV",267,4,2.75,1
"Vitamin B1,B6,B12 tab BCOM",45,6,1.95,1
Cetirizine SYR 60ml (REAX),1,55,23,1
Amoxicillin 250mg susp. EPPITREXIL,0,42,21,1
Paracetamol 120mg/60ml (PARAMOL) /KIDICEF=8(13.50)/NOVAMOL=8(12.5),3,35,11.5,1
Paracetamol 250MG/60ML (NOVAMOL=12.5(8) /HYFER=8(12.50),5,35,12.5,1
Ambroxol 15mg/60ml (MUCOSAPH) new=8(13),6,35,13,1
ambroxol 6mg/10ml drop (BROMUX) NEW=8(14.00),5,30,13,1
Paracetamol 100mg Drops(PARA 100),3,30,12.5,1
Phenylpropanoolamine syr (SINUDRIN) 60ML/ LHP=8(15),5,35,14.5,1
Carbocesteine 50mg/ml Drop (MARLUXYN=12.75)/DOIACOF=5(11.50),6,30,11.5,1
Carbocesteine 125mg/5ml 60ML (CEASCOL),12,35,15.5,1
Carbocesteine 250mg/5ml 60M CEASCOL),13,35,17.5,1
Cefaclor 250mg/60ml Susp. (CEFLOR),2,200,110,1
Cefalexin 100mg/ml Drop (DIACEF),3,35,17,1
Cetirizine 1mg/ml Syr 60ml (CETRIKID)/LHP(KHRIZET=8(18),13,55,17.5,1
Cefuroxime 250mg Susp (CEFUFIRSTf),2,200,86,1
Cetirizine 6mg drop (DIALIX)/CETRIKID=5(17.5),3,55,17.5,1
Phenylpropranolamine 6mg drops (SINUDRIN),6,35,13.5,1
Paracetamol (symdex syrup) 60ml,8,60,41.56,1
Co-Amoxiclav 250mg Susp(CLOVIMED),2,180,115,1
Cefalexin 250mg/5mg Susp. (DIACEF),2,50,26,1
Cefixime 100mg drops,31,185,75,1
Cefuroxime 250mg/5ml Susp. (SQCEF),31,200,95,1
Cetirizine 2mg/ml drop 10ML (CETRISAPH)/ PDD=6(16.5),31,55,19.8,1
Cetirizine 5mg/5ML 60ML (ALLECUR),31,55,17.5,1
Cetirizine 5mg/5ML 60ML (DIALIX),31,55,17.5,1
Co-amoxiclav 312mg/5ml 60ML (COMXICLA),31,180,110,1
Paracetamol 250mg/5ml 60ML(PARA250) =12.60(8),31,35,12.6,1
Paracetamol 125mg/5ml 60ML(NOVAMOL),31,35,12,1
Paracetamol 125mg/5ml 60ML(MYREMOL),0,35,24.5,1
Paracetamol 125mg/5ml 60ML(PARA125)/PARASAPH=8(11.75),3,35,11.75,1
Phenylpropanolamine drops 10ML (DEKONREX),0,35,15.06,1
Phenylpropanolamine DROP 10ML (SINUDRIN)/DESOTAP=5(14.16),34,35,14.16,1
Paracetamol/Phenyl/Chlorpen syr 60ml,31,58,35,1
Lactulose 55mg/5ml 120ml ACCELAC,31,200,110,1
Amoxicillin 100mg/ml Oral Drops - 10ML,31,30,15.88,1
Amoxicillin 125mg/5ml Suspension - 60ML (Myrex),31,40,14,1
Amoxicillin 250mg/5ml Suspension - 60ML (MOXYLOR),31,42,19.85,1
Ambroxol HCL 6MG/5ML drop   - 15ML (COUXIN),31,30,12.5,1
Ambroxol HCL 15mg/5ml Syrup - 60ML (NOVAGEN),31,25,12.75,1
Ambroxol HCL 15mg/5ml Syrup - 60ML (BROXOLVAN),31,30,13.75,1
Ambroxol HCL 6mg/5ml drop -15ML (BROMUX),31,25,12.5,1
Ambroxol HCL 6mg/5ml drop -15ML (LYCOBROX) (8=16.25),31,25,15.5,1
Ascorbic Acid 100mg/5ml - 60ML (ralp-c),31,40,14.5,1
Ascorbic Acid + Zinc 100mg/5ml - 60ML (IMUCOR-Z),31,40,16,1
Carbocesteine 50mg/ml Oral Drops- 10ML NOMOCOF,31,30,11.1,1
Carbocesteine 50mg/ml - 60ML (MARLUXYN),31,25,12.75,1
Carbocesteine 125mg/5ml - 60ML CEASCOL,31,35,15.5,1
Carbocesteine 250mg/5ml - 60ML CARBUSAPH,31,35,15,1
Carbocesteine 250mg/5ml - 60ML 4COUGHT,31,35,15.75,1
Carbocesteine 250mg/5ml - 60ML (CEASCOL),31,35,17.5,1
Cefaclor Monohydrate 50mg/ml Oral Drops - 10ML,31,80,38,1
Cefaclor Monohydrate 250mg/5ml Suspension - 60ML CEFAR,31,200,110,1
Cefixime trihydrate 100mg/5ml Suspension - 60ML,31,230,105,1
Cefalexin 100mg/ml Oral Drops - 10ML,31,30,13.35,1
Cefalexin 250mg/5ml Suspension - 60ML EDIXIN,28,50,25,1
Cefuroxime Axetil 125mg/5ml Suspension - 50ML,28,200,85,1
Cefuroxime Axetil 250mg/5ml Suspension - 50ML,31,200,82,1
Cefuroxime Axetil 250mg/5ml Suspension - 50ML SQCEF,31,200,95,1
Cetirizine Hydrochloride 2mg/ml Syrup - 10ML (CETRISAPH),31,55,15.75,1
Cetirizine Hydrochloride 5mg/5ml Syrup - 60ML (dialix) NEW=6(16.5),28,55,17.5,1
Cetirizine Hydrochloride 5mg/5ml Syrup - 60ML (REGICET),31,55,17,1
Cloxacillin Sodium 250mg/5ml Powder for Suspension - 60ML,31,70,24.5,1
Co-Amoxiclav  250mg/5ml Powder for Suspension - 60ML MEGACLAV/COMXICLA,31,180,106.8,1
Cotrimoxazole 400mg/80mg per 5ml Suspension - 60ML,31,37,24.8,1
Dextromethorphan+Guiafenesin syr (MUCOTUSS) 60ML,31,80,44,1
Diphenhydramine syr,31,35,12.5,1
Domperidone 1mg/ml Suspension - 60ML ACCEDOME,31,90,45,1
Ferrous Sulfate 60ML FEROLEM,31,40,17.75,1
Lagundi Syrup - 60ML OFPLEMED,31,55,31.5,1
Multivitamins (Fulvit) Syrup 60ML,31,40,13.2,1
Paracetamol+Phenylpropanolamine HCL+ Chlorphenamine Maleate (Syndex) Syrup,31,58,35,1
Paracetamol+Phenylpropanolamine HCL+ Chlorphenamine Maleate (Syndex) Syrup,31,60,41.64,1
Paracetamol+Phenylpropanolamine HCL+ Chlorphenamine Maleate (Syndex) Drops,31,60,31,1
Paracetamol 100mg/ml Oral Drops - 15ML (PARA-100),31,30,11.75,1
Paracetamol 100mg/ml Oral Drops - 15ML (pyresaph),31,25,10.5,1
Paracetamol 125mg5/ml Suspension - 60ML (MYREX),31,35,24.5,1
Paracetamol 125mg5/ml Suspension - 120ML,31,45,24.5,1
Paracetamol 125mg5/ml Suspension - 60ML NOVAMOL,31,35,12.5,1
Paracetamol 125mg5/ml Suspension - 60ML PARA-125,31,32,11.75,1
Paracetamol 250mg5/ml Suspension - 60ML PARA-250,31,32,13.5,1
Paracetamol 125mg5/ml Suspension - 60ML  PYRESAPH,31,32,12.6,1
Paracetamol 125mg5/ml Suspension - 120ML  PYRESAPH,31,32,11.5,1
Paracetamol 250mg5/ml Suspension - 60ML (PYRESAPH),31,32,11.5,1
Paracetamol 250mg5/ml Suspension - 60ML (HYPER),31,35,12.5,1
Phenylpropanolamine Hydrochloride 6.25mg/ml Syrup (Drops) - 15ML 4ANAZAL,31,30,11.75,1
Phenylpropanolamine Hydrochloride 12.25mg/100mg/5ml Syrup - 60ML ANAZAL,31,30,14.5,1
Phenylpropanolamine Hydrochloride 12.5mg/100mg/5ml Syrup - 60ML SINUDRIN,31,35,14.5,1
Phenylpropanolamine Hydrochloride 6.25mg/100mg/5ml Syrup - 60ML MYREX,31,30,18,1
Phenylpropanolamine Hydrochloride+Guiafenesin 12.5mg/5ml Syrup - 60ML CHERYL,31,60,26,1
Phenylpropanolamine Hydrochloride+Guiafenesin 12.5mg/5ml Syrup - 60ML RITUSIN,31,55,29.5,1
Salbutamol 2mg/5ml Syrup - 60ML,31,50,12.5,1
Salbutamol+Guiafenesin Syrup - 60ML ASMAIR/GUIACOF,31,32,16.5,1
Neomycin+polymycin eye drop,31,32,16.5,1
Salbutamol Inhaler (SALBUSOL),31,180,115,1
Salbutamol Inhaler (AXMAXOLV),31,180,80,1
clotrimazole cream 15g,31,180,85,1
Mupirocin oint MUPISAPH,31,150,40,1
Mupirocin oint MUPirex,31,150,45,1
Betamethasone cream VALERI,31,150,45,1
Betamethasone cream BETNODCHEM,31,100,35,1
clotrimazole cream 15g CLOTRISAPH,31,100,26,1
Clobetasol oint 10g,31,110,30,1
Hydrocortisone cream (agglobal),31,100,48,1
Ketoconazole cream,31,150,130,1
Silver sulfafiazine cream,31,150,50,1
Salbutamol Inhaler (SALBUMIN),31,180,80,1
,0,180,80,1
Silver sulfafiazine cream,3,170,48.5,1
SEARCH,34,150,70,1
Afficionado Fancy Red 55ML,2,50,41.23,3
Afficionado Fancy Red 110ML,0,96,79.5,3
Afficionado Sporty Blue 50ML,7,50,41.23,3
Afficionado Sporty Blue 110ML,8,96,79.5,3
Alco Plus 70% Isopropyl Alcohol 50ML (Red),2,21,17.22,3
Alco Plus 70%  Isopropyl Alcohol 500ML (Red),25,96,80.29,3
Alco Plus 70%  Isopropyl Alcohol 150ML (Red),6,36,29.35,3
Alco Plus 70%  Isopropyl Alcohol 250ML (Red),2,54,44.38,3
Alco Plus 70%  Ethyl Alcohol 150ML (Blue),4,35,28.13,3
Alco Plus 70%  Ethyl Alcohol 250ML (Blue),6,50,41.48,3
Alco Plus 70%  Ethyl Alcohol 500ML (Blue),1,85,70.33,3
Apollo Lip balm (42-09.2024) REF;3645000/3051350419,0,73,60.72,3
Ariel powder jumbo green new=11.87(14),5,17,11.87,3
Ariel powder jumbo RED NEW=6(13.84),4,17,13.39,3
Audreys formula soap,1,59,26.1,3
Audreys formula lotion pouch,2,120,108,3
Axe Roll on Dry Apollo 25ML acro=3(80.02),2,96,80.03,3
Axe Roll on Dry Apollo 50ML,0,148,119.77,3
Axe Roll on Dry Apollo 50ML- ALLPCON,0,150,125.92,3
Axe Roll on Dark temp 25ML allp=2(82.5),5,99,75.04,3
Axe Roll on Dark temp 50ML,3,150,125.92,3
Axe Spray Black 50ML NEW=2(99.86),1,123,102.95,3
Axe Spray Black 150ML,2,287,239.68,3
Axe Spray Dark Temptation 50ML=acro(2=91.62),2,120,99.86,3
Axe Spray Dark Temptation 50ML =allp(3=102.94),2,123,102.94,3
Axe Spray Dark Temptation 150ML,0,270,230.82,3
Axe Spray Gold Temptation 50ML,2,120,102.95,3
Axe Spray dark Temptation 150ML promo,3,270,223.2,3
A Bonne milk salt Spa,1,79,58.12,3
Baby joy Teether,0,95,80.5,3
Baby Bench Cologne Bubble Gum 50ML,4,43,34.54,3
Baby Bench Cologne Bubble Gum 100ML,2,66,54.71,3
Baby Bench Cologne Bubble Gum 200ML,2,106,88.33,3
Baby Bench Cologne Ice Mint Cool 50ML,3,43,34.56,3
Baby Bench Cologne Ice Mint Cool 100ML,2,66,54.71,3
Baby Bench Cologne  Jelly Bean 50ML,0,43,34.54,3
Baby Bench Cologne  Gummy bear 100ML,0,66,54.71,3
Belo Bar Soap (Pink) 80g   (dp=4-22-22) new=40.68 (6),3,53,44.32,3
Belo SUNBLOCK Jar,0,120,99.75,3
Bench Clay DOH Sachet DYNA 6(5.12),21,6,5.12,3
Bench Clay DOH 25g,5,52,43.19,3
Bench Daily Scent Eye Candy 50ML Dark pink,7,32,25.96,3
Bench Daily Scent Happy Hour 25ML pink,4,22,16.33,3
Bench Daily Scent Lazy Afternoon 25 ML (orange),2,20,16.33,3
Bench Daily Scent Lazy Afternoon 50 ML,0,32,25.96,3
Bench Daily Scent Nine to Mine 25 ML violet,5,22,16.33,3
Bench Daily Scent Nine to Mine 50 ML,2,32,25.96,3
Bench Daily Scent Morning Blue 25 ML blue,1,22,16.33,3
Bench Daily Scent Morning Blue 50 ML,1,32,25.96,3
Bench Daily Scent Spring Break 25ML green,0,22,16.33,3
Bench Daily Spell (Blue) 75ml,1,57,47.04,3
Bench Daily Spell (pink) 75ml,2,57,47.04,3
Bench Daily Spell (pink) 75ml,6,57,47.04,3
Bench Spray Atlantis 50ML,8,102,84.5,3
Bench Spray Atlantis 100ML,3,133,110.42,3
Bench Spray Bare Me Not 50ML,1,87,72,3
Bench Spray Bare Me Not 100ML,0,139,115.22,3
Bench Spray Eight 75ML,5,102,84.5,3
Bench Spray Eight 100ML,3,133,110.42,3
Bench Spray B2O 75ML,0,102,84.5,3
Bench Spray I Rock 100ML,3,139,115.21,3
Bench Spray I Sport 100ML,3,139,115.21,3
Bench Spray So In love 75ML,4,87,72,3
Bench Spray So In love 100ML,5,139,115.22,3
Bench Spray Tickle Pink 50ML,0,87,72,3
Bench Spray Capture 100ML,0,139,115.21,3
Betadine Feminine Wash 25ML new=2(61.71),2,75,61.71,3
Betadine Feminine Wash 50ML,2,137,113.45,3
Baby Flo Gentle Buds 72's,4,15,11.96,3
Baby Flo Gentle Buds 200's new=12(26.22),5,33,27.37,3
Baby Flo Silicone Nipple,6,29,24.15,3
Baby Flo rubber nipple,0,17,13.34,3
Bigen Black,9,67,55.6,3
Bigen Brown Black new=6(55.6),10,67,46.55,3
Bigen Chesnut Brown,7,67,55.6,3
Bigen Dark Brown,9,67,55.64,3
Bioderm Soap Coolness Blue 60G NEW=6(12.98),2,19,15.58,3
Bioderm Soap Coolness Blue 135G ipi=4(39.30,4,48,39.61,3
Bioderm Soap Freshen Green 60G,3,19,15.19,3
Bioderm Soap Freshen Green 135G,1,45,38.22,3
Bioderm Soap Bloom 60G Pink,5,19,15.19,3
Bioderm Soap Bloom 135G,1,46,38.22,3
dermplus,9,69,57,3
BL Soap new=5(43.27),3,52,43.27,3
BL CREAM,1,40,33,3
Blacken Shampoo new =42(5.23),98,8,5.72,3
Bonita Bathroom Tissue,14,12,9.38,3
Breeze powder gold twin,1,18,11.83,3
BEAUCHE papaya soap 100g,2,38,31.35,3
Casino 70% 150ml (White),4,35,29.15,3
Casino 70% 250ml (White),7,50,40.57,3
Casino 70% 500ml (White),12,88,72.91,3
Casino Femme  70% 60ml (Pink transparent),6,26,21.12,3
Casino Femme  70% 250ml (Pink transparent),4,52,43.41,3
Casino Femme  70% 150ml (Pink transparent),0,37,30.77,3
Casino 70% 500ml (Pink),6,98,81.24,3
Casino 70% 250ml (Pinke),5,53,43.41,3
Cleene Alcohol 500ML,0,96,80.04,3
Celeteque Hydra Toner 65ML,0,93,76.7,3
Celeteque Hydra Exfoliant 50ML,3,122,101.25,3
Celeteque Hydra  50ML,0,102,83.51,3
Celeteque Hydra FM  50ML,1,259,215.6,3
Collagen Lotion 200ml,2,70,44.75,3
Celeteque sun spf50 50ml,1,174,144.87,3
Cetaphil Baby Gentle Wash hair & body 50ML,0,143,119.19,3
Cetaphil Baby Gentle Wash hair & body 50ML NEW=3(126.88),2,153,126.88,3
Cetaphil Baby Gentle Wash body 60ML,0,127,105.4,3
Cetaphil Gentle Skin Cleanser  60ML DYNA,0,165,138.18,3
Cetaphil Gentle Skin Cleanser  60ML NEW,0,177,147.85,3
Cetaphil Gentle Skin Cleanser  118ML,1,300,267.92,3
Cetaphil Gentle Skin Cleanser  250ML,1,565,501.27,3
Cetaphil Baby Cleansing BAR Soap  (3-13-24) DP,1,665,594.76,3
Chapstick lip balm  (04/24/2024),1,105,87.49,3
Child Care Silicone Nipple Small,76,15,12.6,3
Child Care Silicone Nipple Medium,108,15,12.6,3
Child Care Silicone Nipple Large,20,15,12.6,3
Child Care Silicone Nipple XLarge,26,15,12.6,3
Chin Chun Su Beta Catorene,0,22,18.24,3
Chin Chun Su Blue,5,20,13.9,3
Chin Chun Su Pink ALLPCON=12(13.90),3,20,13.9,3
Close Up Twin Pack Red 11G ACRO=12(7.59),17,10,6.96,3
Close Up Twin Pack Green  11G,4,10,8.25,3
Close Up Green red 50ML new=2(60.71),1,74,61.21,3
Close Up Green Menthol 50ML promo twin,0,138,115.43,3
Close-Up Red Hot 25ML,0,31,25.56,3
Close-Up Red Hot 50ML,2,73,60.71,3
Close-Up Red Hot 50ML vitalize,0,73,60.71,3
Close-Up Red Hot 95ML,0,97,80.83,3
Colgate Fresh twin PUREGOLD,16,10,8.1,3
Colgate Fresh twin,10,10,8.1,3
Colgate Fresh twin  green ALLP=12(8.1),18,10,8.25,3
Colgate Fresh 25ML,0,54,44.85,3
Colgate Fresh 50ML,0,86,71.82,3
Colgate Fresh 50ML,1,84,69.47,3
Colgate Fresh 140g,2,122,101.89,3
Colgate Fresh 214g,1,155,134.31,3
Colgate TP Barbie 40G,5,84,69.64,3
Colgate TP Batman 40G 65.31(1),3,79,69.64,3
Colgate Plax Fresh Green blue 250ML,0,137,113.54,3
Colgate Plax Fresh Mint (Green) 60ML,1,40,35,3
Colgate Plax Peppermint (Light Blue) 60ML,4,35,28.92,3
Colgate Toothbrush Super flexi black,16,39,33,3
Colgate Toothbrush Super Flexi soft,18,28,23,3
Colgate Toothbrush kids  PG=6(18),10,22,14.86,3
Colgate Toothbrush Classic Deep Clean medium,17,22,18,3
Colgate toothbrush classic flow,3,18,12.38,3
Colgate Triple Action with Multivitamins 50ML,3,83,69.13,3
Colgate Triple Action with Multivitamins 95ML,4,122,101.75,3
Colgate Triple Action with Multivitamins 145ML 138.06(3=ALLP),2,167,138.06,3
child care Wide neck nipple Med-lazada,0,55,43.47,3
Child care WIDE NECK ALLPCON,20,35,19.4,3
CY Gabriel Papaya Soap 60G,13,22,18.36,3
CY Gabriel Medicated Green Soap 60G,13,22,18.36,3
CY Gabriel Special Soap Pink 60G,2,22,18.36,3
cool gel scent,2,130,63,3
DERM PLUS kids,2,90,77,3
DORCO BLADE,91,7,5,3
Dove Deo lotion sachet acro=12(8.50),0,11,8.5,3
Dove Roll on Original 25ML Stick ACRO,2,92,76.23,3
Dove Roll on Original 40ML ALL=2(125.21),1,142,119.08,3
DR. alvin soap 65g,20,34,14,3
DR. Alvin Sun gel 10ml,6,150,130,3
Dove White Beauty Bar 90G,2,72,59.98,3
Dove White Beauty Bar 90G vitalize,3,72,58.2,3
Dove White Beauty Bar 135G,1,94,77.92,3
Downy Fabric Conditioner Anti Bac 27ML,0,8,5.42,3
Downy Fabric Conditioner Fashion 27ML,19,7,5.64,3
Downy Fabric Conditioner Fashion 32ML,17,10,8.05,3
Downy Fabric Conditioner Fashion tipid NEW=14(13.37),11,18,13.76,3
Downy Fabric Conditioner sunrise 27ML 3',7,18,15.09,3
Downy Fabric Conditioner Sunrise Fresh 28ML new=4.84(28),10,7,5.64,3
Dove Baby Sensitive 100g vitalize,1,86,72.1,3
Dove Baby Sensitive 135g,0,86,67.6,3
Dove Baby Moist 75g sensitive new,1,63,52,3
Dove soap pink 100g,3,58,48.29,3
Dove soap pink 100g vitalize ACRO=3(54.25),5,67,55.94,3
Dove soap pink 135g ACRO,1,81,67.5,3
Dove soap pink 135g,2,85,70.98,3
Dr Kaufmann IR Sulfur White 80G,3,49,40.84,3
Dr Kaufmann Sulfur Soap Yellow 80G NEW=3(40.51),1,49,40.51,3
Dr Wong Sulfur Soap 80G,3,42,34.4,3
Dr Wong Sulfur Soap 135G DYNA(6=44.84),12,55,45.09,3
Dr Wong Sulfur with Moisturizer Soap 80G,7,47,37.24,3
Dr Wong Sulfur with Moisturizer Soap 135G IPI=8(49),9,59,49.29,3
Dr Wong Skin Lightening Soap 80g,3,45,35.77,3
Del Fab conditioner,3,6,5.08,3
Eue de parfum spray,1,75,59,3
Eskinol+Calamansi 75ML ALLP=3(43),2,52,43.13,3
Eskinol+Calamansi 75ML-acro,0,45,36.86,3
Eskinol+Calamansi 135ML DDC=3(73.59),1,75,62.92,3
Eskinol + Papaya 75ML acro=3(41.86),4,52,43.13,3
Eskinol + Papaya 135ML allp=3(73.58),5,88,73.58,3
Eskinol + Papaya 225ML,2,125,94.1,3
Eskinol Pimple Fight 75ML (ACRO=2(42.3),3,52,43.13,3
Eskinol Pimple Fight 135ML ALLP new=3(73.58),3,88,62.42,3
Eskinol Pimple Fight 225ML,1,116,97,3
Eskinol Pimple Fight 225ML NEW=3(116.64),4,144,120.25,3
Eskinol Tweens 75ML,3,52,43.16,3
Eskinol Tweens 135ML,2,75,59.95,3
Eskinol White Clear 75ML ACRO=4(41.86),5,52,41.86,3
Eskinol White Clear 135ML new all=3(73.58),2,88,73.58,3
Eskinol White Clear 225ML,2,144,120.25,3
Eskinol White Clear with Grains 75ML,1,52,43.13,3
Eskinol White Clear with Grains 135ML,3,75,62.42,3
Baby Bench Cologne Ice Mint Cool 200ML,0,106,88.33,3
Celeteque Acne Toner 50ML,1,343,285.47,3
kiss Beauty Sunscreen tube,0,140,43,3
Extraderm Maxipeel #1 30ML,3,38,32.08,3
Extraderm Maxipeel #1 60ML,0,65,53.57,3
Extraderm Maxipeel #1 60ML,6,66,53.7,3
Extraderm Maxipeel #2 15ML,6,28,23.46,3
Extraderm Maxipeel #2 30ML,3,43,36,3
Extraderm Maxipeel #2 60ML (58.66=6),0,72,59.02,3
Extraderm Maxipeel #2 60ML,7,72,58.66,3
Extraderm Maxipeel #3 15ML,10,31,25.86,3
Extraderm Maxipeel #3 30ML new=6(37.59),7,45,34.47,3
Extraderm Maxipeel #3 60ML NEW=62.69(12),0,77,62.33,3
Extraderm Maxipeel #3 60ML,5,77,62.88,3
Extraderm Maxipeel Concealing Cream Fair 10G,8,27,21.95,3
Extraderm Maxipeel Concealing Cream Natural 10G new=12(21.86),2,27,22.07,3
Extraderm Maxipeel Moisturizing Cream 15G,0,34,27.75,3
Extraderm Maxipeel Moisturizing Cream 8G DDC=24(14.72),3,18,14.71,3
Extraderm Maxipeel Sunblock Cream 8G,0,20,16.23,3
Extraderm Maxipeel Sunblock Cream 8G,44,20,16.68,3
Extraderm Maxipeel Sunblock Cream 15G,2,36,29.58,3
Extraderm Maxipeel Sunblock Cream 25G,1,58,47.34,3
Extraderm Maxipeel Zero 60ML,2,80,66.51,3
Extraderm Cleanser 60ML (Blue),0,35,25.22,3
Extraderm Cleanser 60ML (Pink),0,35,27.75,3
Extraderm Cleanser 135ML (Pink),0,54,45,3
Farlin buds can,4,50,42.5,3
Farlin Silicone Nipple,0,28,21.61,3
Tissue green travel-LAZADA,0,10,3.6,3
Femme  Tissue roll,0,12,9.46,3
Fiona Cologne Pretty Mist 25ML,1,17,13.47,3
Fiona Cologne Pretty Mist 50ML NEW=4(25),3,30,25,3
Fiona Cologne Raspberry Drops 25ML,3,17,13.47,3
Fiona Cologne Raspberry Drops 50ML,4,30,25,3
Fiona Cologne Rosy Red 50ML NEW=4(25),2,30,25,3
Fissan Diaper Foot  Powder  25G,0,42,35.07,3
Dr kaufmann cooling Powder 50g,11,89,74.7,3
Flawlessly U soap 60g sachet (NEW 4 =18.250,2,21,18.25,3
Fun G Soap 75G,2,54,44.8,3
Fun G Soap SACHET,1,25,20.36,3
Garnier cream 7g,0,55,42,3
Garnier vitamin c serum 7.5g,3,55,46,3
Gatsby Hair Wax Hard & Free 3g blue,7,6,5.05,3
Gatsby Hair Wax Mat & Hard 3g gray,26,6,5.05,3
Green Cross Alcohol Pump 500ML,1,115,100.55,3
Green cross soap green 65g,1,16,12.35,3
Green cross soap RADIANCE 65g,0,16,12.35,3
Green cross soap PURE 65g,1,15,11.26,3
Green cross soap green 125g,0,36,29.98,3
Green Cross 70% 150ML,0,35,28.62,3
Green Cross 70% 250ML,2,53,44.02,3
Green Cross 70% 500ML,0,90,74.63,3
Green Cross 70% With Moist 60ML NEW=8(18.70),11,23,18.7,3
Green Cross With Moist 150ML 40%,0,29,23.87,3
Green Cross  With Moist 250ML 40%,0,41,31.87,3
Green Cross 70% With Moist 500ML NEW=5(80.14),9,98,80.14,3
Green Cross 70% With Moist 1Gal,0,552,502.19,3
Guava soap 90g-lazada,2,79,35.75,3
Gynepro Fem Wash 60ML NEW=3(76.74),3,92,76.74,3
Greatstar ethyl alcohol 60ML,4,16,13,3
Greatstar ethyl alcohol 150ML,27,32,26.5,3
Greatstar ethyl alcohol 250ML,32,46,38,3
Greatstar ISOPROPYL Alcohol 150ML,0,28,23,3
Haileys Tawas Scented Powder 50G violet,22,17,13.73,3
Haileys Tawas Powder 50G blue NEW= 24(13.5),17,17,13.5,3
Happee Kiddie Bubblegum Pop 40G,4,36,29.4,3
Happee Kiddie Orange Quiz 40G,2,36,29.4,3
Happee Kiddie Strawberry 40G NEW=3(29.4),5,36,29.4,3
Happee Kiddie Tuttifruitti  40G,0,32,26.46,3
Happy Buds Plastic Stem 36 Tips,6,6,3.95,3
Happy Buds Plastic Stem 72 Tips,0,9,6.54,3
Happy Buds Plastic Stem 102 Tips,4,12,8.88,3
Happy Buds Plastic Stem 200 Tips,11,18,14.3,3
Happy Cotton 10G,0,6,4.45,3
Happy Cotton 80G ALLP=6(30.31),7,40,30.31,3
Happy Cotton 150G,5,79,65.33,3
Happy Cotton Bals 50's DYNA=8(10.66),2,15,10.91,3
Happy Cotton Balls 150's,1,38,30.33,3
HEAD & SHOULDER,0,184,147,3
Hygeinex alcohol soap sachet,6,18,15.13,3
I White toner essence,5,27,22,3
I White glow up whip wassh,5,30,24,3
I White glow up toner essence,6,30,23,3
I White Acne moisturuizer,0,30,25,3
I White booster vit. C,2,34,28,3
I White Moist sachet blue,6,30,25,3
I White Moist sachet pink,4,30,23,3
I white Facial wash  new=4(11.5),4,30,25,3
I white nose pack white,0,23,19.2,3
I white nose pack black,2,25,11.5,3
I white 3in1 whitening 8=12.5,0,30,23,3
I white peel off mask white,1,30,24,3
I Clear Alcohol Spray 150ML,1,45,39,3
I White BB CC Cream,3,30,26,3
Jergens Lotion Original Scent 50ML,2,58,48.25,3
Jergens Lotion Original Scent 100ML,1,114,95,3
Jergens Lotion Ultra Healing 50ML,1,58,48.25,3
Jergens Lotion Ultra Healing 100ML,1,114,95,3
Johnsons Baby Bath Regular 100ML new=4(48.85),8,53,44.21,3
Johnsons Baby Bath Active fresh 100ML SI-2437423/3050627530,11,90,75.49,3
Johnsons Baby Bath Milk +Rice  100ML NEW=4(56.25),10,70,57.92,3
Johnsons Baby Bath Milk +Rice  200ML new=3(109.71),4,131,109.71,3
Johnsons Baby Bath Milk Refill 200ML new=2(104),3,125,104,3
Johnsons Baby Bath Top To Toe 100ML NEW=3(83.46),1,100,81.04,3
Johnsons Baby Bath Oat & Milk 100ML NEW=3(57.92),2,70,56.25,3
Johnsons Baby Shampoo Gold 100ML,0,90,79.88,3
Johnsons Baby Shampoo Gold 100ML NEW=6(88.15),0,105,88.15,3
Johnsons Baby Lotion  Rich & Creamy 50ML,3,49,42.24,3
Johnsons Baby Oil Regular 25ML(Pink) new=6(22.69),9,28,22.69,3
Johnsons Baby Oil Regular 50ML (Pink)=new price,5,53,43.56,3
Johnsons Baby Oil Regular 50ML (Pink),0,50,41.07,3
Johnsons Baby Oil Regular 125ML(Pink) 93(6),4,112,90,3
Green Cross 70% With Moist 150ml (NEW=6(31.36),6,38,31.36,3
Green Cross 70% With Moist 250ml DYNA=6(46.18),9,56,46.25,3
Johnsons Baby Oil Aloe 25ML(Green) NEW=6(28.52),9,36,29.35,3
Johnsons Baby Oil Aloe 50ML NEW(6)=50.76,3,61,42.24,3
Johnsons Baby Oil Aloe 125ML new=6(109.56),5,132,91.87,3
Johnsons Baby Oil Lite 25ML(Blue) NEW=6(29.35),7,36,28.52,3
Johnsons Baby Oil Lite 25ML(Blue) new price,0,35,27,3
Johnsons Baby Oil Lite  50ML new=6(53.81),5,65,43.07,3
Johnsons Baby Oil Lite 125ML,2,100,90.06,3
Johnsons Baby Oil Bedtime  50ML,0,60,49,3
Johnsons Baby Soap Blossoms 60G pink,6,23,19.25,3
Johnsons Baby Soap Blossoms 100G,10,44,36.55,3
Johnsons Baby Soap Milk 60G NEW=6(19.25),13,23,19.25,3
Johnsons Baby Soap Milk 100G NEW=5(35.48),5,44,36.5,3
Johnsons Baby Soap Regular 60G,6,23,19.27,3
Johnsons Baby Soap Regular 100G,0,38,31.55,3
Johnsons Baby Cologne Morning Dew 25ML =new(24.11=6),4,31,25.63,3
Johnsons Baby Cologne Morning Dew 50ML NEW=6(40.58),7,50,41.81,3
Johnsons Baby Cologne Morning Dew 125ML NEW=3(87.42,1,105,87.42,3
Johnsons Baby Cologne Powder Mist 25ML NEW=6(25.63),5,31,24.85,3
Johnsons Baby Cologne Powder Mist 50ML,5,42,34.75,3
Johnsons Baby Cologne Powder Mist 125ML,8,96,80.42,3
Johnsons Baby Cologne Regular 25ML,0,30,23.53,3
Johnsons Baby Cologne Regular 50ML,2,46,38.42,3
Johnsons Baby Cologne Regular 125ML,3,92,80.42,3
Johnsons Baby Cologne Slide 25ML 6=25.63,8,31,24.11,3
Johnsons Baby Cologne Slide 50ML NEW=6(40.58),3,49,38.42,3
Johnsons Baby Cologne Slide 125ML NEW=3(84.88),3,102,80.42,3
Johnsons Milk Lotion 50ML,2,60,49.83,3
Johnsons Milk Lotion 100ML,0,110,91.88,3
Johnsons Milk Powder 25G,0,22,18.42,3
Johnsons Milk Powder 50G,2,38,28.86,3
Johnsons Milk Powder 100G,2,62,51.5,3
Johnsons Milk Powder 200G,0,140,117.21,3
Johnson Pink blossom Lotion 50ml,6,51,42.24,3
Johnson Pink blossom Lotion 100ml,0,90,74.69,3
Johnsons Powder White 25G,4,21,15.04,3
Johnsons Powder White 25G=new price,6,21,17.4,3
Johnsons Powder White 50G (new 6=27),3,33,25.33,3
Johnsons Powder White 100G NEW=6(49.94),2,60,47.52,3
Johnsons Powder White 200G NEW=2(97.46),4,117,92.81,3
Johnsons Powder White 500G (6-11-2022) dyna,0,191,159.32,3
Johnsons Powder cornstarch 200G,0,110,88.15,3
Johnsons Powder  Bedtime 25G NEW=6(25.28),0,30,22.3,3
Johnsons Powder  Bedtime 50G NEW=6(35.92),2,35,28.86,3
Johnsons Powder  Bedtime 100G NEW=5(63.85),2,85,70.71,3
Johnsons Powder  Bedtime 200G,1,135,117.21,3
Johnsons Powder Cooling 50G,0,32,26.31,3
Johnsons Powder Pink Blossoms 25G new=6(18.52),4,23,18.52,3
Johnsons Powder Pink Blossoms 50G,5,34,28.08,3
Johnsons Powder Pink Blossoms 50G,0,33,27.39,3
Johnsons Powder Pink Blossoms 100G dyna=4(61.01,8,73,57.81,3
Johnsons Powder Pink Blossoms 200G,0,135,112.9,3
Johnsons Powder Prickly Heat 50G,0,35,28.86,3
Johnsons Powder Prickly Heat 200G,0,130,106.67,3
Joy Tissue 2fly,11,15,11.67,3
Juicy Cologne Angels Bliss (Pink) 25ML,9,17,13.78,3
Juicy Cologne Angels Bliss (Pink) 50ML,4,30,24.94,3
Juicy Cologne Angels Bliss (Pink) 125ML NEW=6(49.17),10,59,49.17,3
Juicy Cologne Dreamsicle (Violet) 25ML,9,17,13.78,3
Juicy Cologne Dreamsicle (Violet) 50MLNEW=6(24.94),9,30,24.94,3
Juicy Cologne Dreamsicle (Violet) 125ML NEW=6(49.17),6,59,49.17,3
Juicy Cologne Icylicious 25ML (Blue),6,17,13.78,3
Juicy Cologne Icylicious 50ML,7,30,24.94,3
Juicy Cologne Icylicious 125ML,2,59,49.17,3
Juicy Cologne Orange Twist 25ML(Orange),4,17,13.78,3
Juicy Cologne Orange Twist 50ML,0,30,24.94,3
Juicy Cologne Orange Twist 125ML,1,59,49.17,3
Juicy Cologne Sweet Delight 25ML(Red),16,17,13.78,3
Juicy Cologne Sweet Delight 50ML,6,30,24.94,3
Juicy Cologne Sweet Delight 125ML,4,59,49.17,3
Juicy Cologne Sprinkle (green) 25ML,0,17,13.78,3
Juicy Cologne Sprinkle (green) 50ML new=6(24.94),7,30,24.94,3
Juicy Cologne Sprinkle (green) 125ML,7,59,49.17,3
Joy  Dishwash sachet BIG Sachet,12,14,11.13,3
Joy Dishwash yellow 10ml,0,7,5.65,3
Joy Dishwash green 10ml,15,7,5.87,3
Katialis Soap,4,61,50.69,3
Kiwi Sachet (Black) 5ML-lazada,18,12,2.87,3
Kuchi Kuchi prickly heat powder bedtime/COOLING,12,75,61.05,3
Kojiesan Papaya Soap 20G,16,26,21.38,3
Kojiesan Papaya Soap 65G 2' allpmed=6(47.78),10,57,50.35,3
Kojiesan Papaya Soap 65G 3',4,80,73.15,3
Kwell shampoo,21,45,37.07,3
Kwell lotion SI 3404603/305131397,1,274,228.37,3
KOJIESAN CREAM,1,20,16,3
Lewis & Pearl Powder Jasmine Garden 50G,0,22,4,3
Lewis & Pearl Powder Rain 50G blue,10,27,22.42,3
Lewis & Pearl Powder White Blush 50G pink NEW=5(19.22),5,26,19.25,3
L & P Scent Shop Col Ice Water 50ML,1,32,26.44,3
L & P Scent Shop Col Ice Water 75ML,4,43,35.5,3
L & P Scent Shop Col Ice Water 125ML,1,63,52.04,3
L & P Scent Shop Col Paris 50ML,0,33,26.84,3
L & P Scent Shop Col Paris 75ML,0,43,35.43,3
L & P Scent Shop Col Paris 125ML NEW=3(54.54),4,66,54.54,3
L & P Scent Shop Col Rain 75ML,0,43,35.5,3
L & P Scent Shop Col Rain 125ML new=3(54.54),9,66,54.54,3
Lactacyd Feminine Protecting 60ML new=1(75.62),2,91,75.62,3
Lactacyd Feminine Protecting 150ML (10.2022),0,180,150.48,3
Lactacyd Intimate white 60ML,0,84,69.65,3
Lactacyd Odor Block 60ML,2,82,67.66,3
Lactacyd Odor Block 150ML,1,182,152.24,3
Lactacyd Baby Bath Liquid 60ML,5,110,89.55,3
Lactacyd Baby Bath Liquid 60ML=NEW,3,108,89.55,3
Lactacyd Baby Bath Liquid 150ML,3,228,190.05,3
Licealiz Shampoo Regular 10ML,0,18,14.7,3
Licealiz Shampoo Soothing Coolness 10ML,20,18,14.7,3
Likas Papaya Soap 135g,0,163,155,3
Listerine Coolmint/fresh burst 100ML,7,64,52.58,3
Listerine Coolmint 250ML NEW=121.30(3),0,149,121.3,3
Listerine Fresh Burst 250ML,1,150,123.83,3
Listerine Green Tea 80ML,0,64,51.97,3
Listerine Total Care 80ML,0,103,85.45,3
Listerine Fresh Burst 250ML,3,149,123.82,3
Lovely Look Hair Spray 50ML,8,63,51.43,3
Lovely Look Hair Spray 100ML,0,73,60.78,3
Master Facial Cleanser Anti-pimple 70ML(G),2,60,50.47,3
Master Facial Cleanser Anti-pimple 135ML ACRO(2=72.17),2,90,74.39,3
Master Facial Cleanser Oil Control 70ML (B),0,60,49.46,3
Master Facial Cleanser Oil Control 135ML acro=2(76.63),0,92,74.39,3
Master Facial Cleanser Active Whitening 70ML(O),2,60,50.47,3
Master Facial Cleanser Active Whitening 135ML ALL=3(76.64),6,92,74.39,3
Master Facial Cleanser Whitening Plus 70ML(W),0,60,48.95,3
Master Facial Cleanser Whitening Plus 135ML new=2(76.64),0,92,74.33,3
Master Facial Scrub Acne 100G,0,192,158.9,3
Master Facial Scrub Oil Control 50G,0,106,88.12,3
X,0,102,83.81,3
Master Facial Scrub  Whitening Plus 50G,0,106,88.12,3
Master FW anti-pimple 50G,0,107,88.12,3
Master Facial Scrub Anti-pimple 12G new,0,18,15.39,3
Master Facial Scrub Oil Control 12G new=12(15.54),0,20,16.01,3
Master Facial Scrub Whitening l 12G,0,20,15.54,3
Mena Facial Cream 3G pink,4,25,19.54,3
Megan peel off  resealable,9,36,29,3
Mestiza Herbal Soap 120G DP=5-03-2023 new=2(62.56),3,75,57.04,3
Milcu Deo Roll on 50ML new=3 (70.40),3,85,70.4,3
Milcu Deo Powder 40g NEW= 6(48.4),4,60,48.4,3
Milcu Deo Powder 80g NEW PRICE 84.48(8),2,102,84.48,3
Milcu Deo Powder 80g,0,105,87.33,3
Myra Classic facial Wash 6ML (RED),5,18,13.68,3
Myra Classic Moisturizer 6ML,0,18,12.84,3
Myra Classic Moisturizer 40ML Red,1,123,102.26,3
Myra Classic Whitening Blue 6ML,15,18,12.84,3
Myra Classic Whitening 40ml (blue),0,115,95.75,3
Myra Classic Moist FW Red 6ML,14,18,9.37,3
Myra Classic Whitening FW Blue  6ML,0,18,13.68,3
Myra Classic Moist Lotion Red 50ML,5,45,36.73,3
Myra Classic Moist Lotion Red 50ML,0,45,34.94,3
Myra Classic Moist Lotion 100ML new=3(68.24),4,82,64.77,3
Myra Classic Moist Lotion 200ML new=3(129.75),4,156,123.57,3
Myra Classic Whitening  Lotion Blue 50ML,5,65,53.68,3
Myra Classic Whitening  Lotion 100ML,4,113,93.74,3
Myra Classic Whitening  Lotion 200ML,4,192,160.21,3
Myra Whitening Beauty Soap 45g sachet,3,19,15.35,3
Myra Whitening Beauty Soap 90g,6,43,35.79,3
Nivea cool kick sachet,5,10,4,3
Nivea brightening sachet,20,10,4,3
Nivea Roll on Black & White Clear 50ML men,4,158,130.24,3
Nivea Roll on Black & White Clear 50ML women,0,160,130.24,3
Nivea Roll on Men Cool Kick 50ML,10,160,131.13,3
Nivea Men Roll Brigthening 25ML,0,90,69.98,3
Nivea Roll on Deo Extra Whitening 50ML,5,165,138,3
Nivea Women Roll on Whitening 25ML NEW=12(77.93),13,94,77.93,3
Nivea Men Roll on Whitening 50ML,14,157,130.65,3
Nivea ROLL Brightening women 50ml,0,165,138,3
Nivea Roll on Men Dry Impact 50ML,1,172,137.51,3
Nivea Creme 30ML 3487522/3051275284,6,118,97.6,3
Nizoral Shampoo 1% Sachet 6ML green,0,75,60.11,3
Nizoral Shampoo 2% Sachet 6ML new=12(64.25),9,75,62.63,3
Oilatum Bar  SI 3778588/3051413164,1,332,277.1,3
Old spice roll on (Fresh) NEW ddc=2(86.59),3,108,89.25,3
Old Spice roll on (Pure Sport) all=3(85.63),2,108,89.25,3
Deoplus TAWAS,1,17,13.5,3
O Mei Su Pearl Paste Green (4-16-2022),0,32,26,3
O Mei Su Pearl Paste Red  (8-03-2022),0,32,26,3
Oseur cream violet,11,22,17.5,3
Oseur cream pink  dyna 2396469/3050604362,25,22,17.5,3
OFF KIDS PUREGOLD,6,12,9.17,3
Off baby 6ml,20,12,9.19,3
Off Kids Sachet 6ML,19,12,8.56,3
Off Kids  50ML ALL=3(110.71),2,134,110.71,3
Off Overtime Sachet 6ML =8.56(12),24,12,8.56,3
Off Overtime 50ML,2,148,122.69,3
Off Overtime 100ML,0,239,199.35,3
Olay Natural White Cream Light (Yellow) 7.5G new(12=18.78)JR,13,23,17.23,3
Olay Cream Natural White 7.5G jr=12(18.78),5,23,17.49,3
Olay Cream Natural White (Pinkish)  7.5G (JR=12'S (18.78),9,23,19.04,3
Olay Cream Natural White (Pinkish)  7.5G (Resealable),7,35,28.83,3
Oral B Mouthwash Deep clean 100ML,0,64,55.17,3
Oral B Mouthwash Fresh 100ML,0,64,55.17,3
Oral B Toothbrush Shiny Clean (w/Cap) JR=12(17.93),55,22,17.35,3
Oral B 3IN1 Action,14,16,11.22,3
Oral B Toothbrush kids,0,54,43.47,3
Oral B DENTAL Floss,0,180,154.53,3
Orahex gargle 120ml,1,132,109.33,3
Pagoda Cold Wave 120ML,2,113,93.5,3
Baby Flo Pacifier filled,27,35,27.6,3
Perla Soap Papaya (Orange) 110G,2,18,14.5,3
Perla Soap (White) box,5,42,34.67,3
Perla Soap (White) 90G,0,18,14.5,3
Perla Soap (Blue) 110g,5,18,14.5,3
Perla Soap (Blue) 90g,4,18,14.5,3
PH Care Cool comfort 50ML green,3,60,50.3,3
PH Care Cool comfort 150ML,1,147,122.46,3
PH Care Cool Wind spray 50 ML,2,173,143.75,3
PH Care Cool Wind Sachet 5ML,21,7,5.44,3
PH Care Cool 150ml,0,181,150.99,3
PH Care Floral  Blossom 50ML pink,3,56,45.79,3
PH Care Guava 50ML,2,59,48.55,3
PH Care Guava 50ML spray,3,173,143.76,3
PH Care Guava 6ML,12,8,5.44,3
PH Care Delicate white 5ML violet,6,8,6.41,3
PH Care Delicate white 50ML violet,3,64,53.05,3
PH Care Passionate Bloom Sachet PINK 5ML,28,7,4.58,3
Ponds Fwash pink 50ml,1,100,81.72,3
Polident Denture Adhesive Cream 20G new=24(121.01),13,147,121.01,3
Ponds Facial Serum new 10g,0,141,118.1,3
Ponds Facial Scrub Antibac 10G Sachet=acro(32=15.98),32,20,16.48,3
Ponds clarity Serum 7.5g= new,1,141,118.1,3
Ponds serum Burst reseal 10g=new,2,46,38.36,3
Ponds Age Miracle Cream Jar 10G Day,1,155,128.79,3
Ponds Age Miracle Cream Jar 10G Night,0,155,128.79,3
Ponds Facial Wash Acne Clear 10G Sachet ACRO=15.98(12),16,20,15.14,3
Ponds Facial Wash Pure White 10G  cahrcoal,12,20,15.98,3
Ponds Facial Wash Pure White 10G Sachet - ALLPCON,0,18,14.84,3
Ponds Facial Wash white beauty 10G,8,20,16.06,3
Ponds Facial Wash white beauty 10G -acro,0,18,14.29,3
Ponds clarity Cream 7g=  New=(12=15.609),10,20,15.13,3
Ponds clarity Cream 12g allp=12(23.17) /ACRO=12(25.42),8,32,25.42,3
Prestige NIACINAMIDE Soap,15,48,35,3
Ponds clarity cream detox 12g=new,11,28,23.17,3
Ponds White Beauty Detox Cream 6G all=6 (15.6),6,19,15.6,3
Ponds White Beauty Detox Cream 12G NEW=12(26.21),0,32,26.21,3
Ponds White Beauty Pink Light Cream 6G,9,20,15.6,3
Ponds White Beauty Pink serum 12G,1,32,22.72,3
Ponds Men Energy Charge Facial Wash 10G ALL=12(14.92),8,18,14.2,3
Ponds Men Energy Charge Facial Wash 10G - ACRO =6(14.93),16,20,14.49,3
Ponds Age defense 10g,6,63,51.95,3
Ponds serum Burst reseal 10g,3,41,33.8,3
Ponds White Beauty  Toner (Pink) 60ML allp=3(74.17) July. 2026,3,89,71.93,3
Ponds White Beauty  Toner (Pink) 100ML,1,135,111.9,3
Ponds White Beauty Acne Clear Toner (Blue) 60ML,0,72,59.55,3
Ponds White Beauty Toner (ACNE) 120ML,2,117,97.28,3
Ponds Sunprotect SPF50 Tube,0,330,274.5,3
Psalmstre Placenta Soap 1350G DP=5-8-2024,1,78,65,3
RDL #1 30ML,9,40,30.87,3
RDL #1 60ML NEW=,7,68,55.61,3
RDL #2 30ML ALLPMED=12(32.07) or Grass=24(32.06),14,40,32.06,3
RDL #2 60ML,21,73,57.71,3
RDL #3 30ML,14,48,38.47,3
RDL #3 60ML,6,77,61.51,3
RDL Facial Cleanser Calamansi  75ML,5,30,24.03,3
RDL Facial Cleanser Calamansi  135ML,8,45,35,3
RDL Facial Cleanser Papaya 75ML GRASS=12(24.03),11,30,24.03,3
RDL Facial Cleanser Papaya 150ML GRASS=12(35)/,3,45,36.11,3
RDL Facial Cleanser Plain 75ML,4,30,24.03,3
RDL Facial Cleanser Plain 150ML,3,40,35,3
RDL Papaya Soap 135G,3,52,41.8,3
RDL Sunblock 6G,14,17,12.82,3
RDL Sunblock 12G NEW=15G(27.55=12PCS) 12g=12(25.65),9,33,27.55,3
RDL Tawas Powder Red,13,15,11.16,3
RDL Tawas Powder Scented Yellow,2,15,11.49,3
RDL Whitening Cream 6G grass=24(24.46),16,30,24.46,3
RDL Whitening Cream 12G,13,62,48.68,3
Renow D Cream 3G,0,22,16.03,3
Rhea Family Rubbing Alcohol 70% 475ML,3,80,66.43,3
Rexona Deo Lotion Ice Cool Sachet 3ML acro=24(6.60),12,8,6.6,3
Rexona Deo Lotion Passion Sachet 3ML (new 12=6.94)=acro,9,8,6.6,3
Rexona Deo Lotion Powder Dry Sachet 3ML a,10,8,6.6,3
Rexona Deo Lotion Powder Dry Sachet 3ML,0,8,6.8,3
Rexona Deo Lotion Quantum Sachet 3ML (allp (12(6.80),11,8,6.8,3
Rexona Deo Lotion Shower Clean Sachet 3ML,15,8,6.8,3
Rexona Roll on Ice Cool 25ML NEW=4(64.96),3,79,64.96,3
Rexona Roll on Ice Cool 25ML allp=3(65.58),5,79,65.58,3
Rexona Roll on Ice Cool 50ML ALLP=3(121.71),4,146,121.71,3
Rexona Roll on Invisible Dry Men  25ML,0,84,70.25,3
Rexona Roll on Invisible Dry Men  50ML,0,149,123.6,3
Rexona Roll on Passion 25ML,0,79,65.58,3
Rexona Roll on Passion 50ML,0,130,107.67,3
Rexona Roll on Powder Dry 25ML acro=3(63.64),0,79,65.58,3
Rexona Roll on Powder dry 50ML bini=2(119.89),2,145,119.89,3
Rexona Roll on Quantum 25ML NEW=3(65.58),2,79,65.58,3
Rexona Roll on Quantum 25ML=acro,0,80,62.41,3
Rexona Roll on Quantum 50ML=acro,2,145,120.5,3
Rexona Roll on Quantum 50ML=allpcon,3,148,121.71,3
Rexona Roll on VIBRANT Rose glow 50ML,1,149,123.6,3
Rexona Roll on Shower Clean 50ML,0,139,115.8,3
Rexona Roll on Shower Clean 25ML,0,79,63.64,3
Rexona Roll vibrant anti stain 45ml,0,150,126.12,3
Rexona Roll on sunflower bright  25ML,0,82,68.14,3
Rexona Roll on sunflower bright  50ML,0,150,126.12,3
Rexona Roll on Anti-Stain 50ML,1,147,122.34,3
Rubie Balde with Hologram NEW=36(12.41),13,15,12.46,3
Rubie Click refill,3,35,28.4,3
Rubie II Disp Razor blue,21,33,27.59,3
Rubie II Disp Razor blue flexi,0,33,27.59,3
Rubie gillette razor yellow,62,31,25.57,3
Rubie gillette razor yellow new=12(25.57),6,31,25.57,3
IRISH SPRING SOAP 60G,4,27,23,3
Safeguard Floral Pink 60G,0,22,19.5,3
Safeguard Floral Pink 60G,10,22,18.82,3
Safeguard Floral Pink 90G,4,44,36.04,3
Safeguard Floral Pink 135G,6,55,46.18,3
Safeguard Floral Pink 175G,2,75,64.08,3
Safeguard artic fresh 60G,7,23,18.82,3
Safeguard camellia White 60G,15,23,18.82,3
Safeguard Lemon 60G,2,33,26,3
Safeguard Lemon 60G,2,22,17.5,3
Safeguard Lemon 90G,1,43,36.05,3
Safeguard Lemon 135G,6,55,46.18,3
Safeguard Lemon 175G,1,76,64.08,3
Safeguard Pure white 60G promo=12(17.50),12,22,18.82,3
Safeguard Pure white 90G,0,44,36.05,3
Safeguard Pure white 125G,0,55,46.18,3
Safeguard Pure white 135G,0,162,131.23,3
Safeguard Pure white 175G,4,75,64.08,3
San-ing Medicated Cream,0,26,21.18,3
Sanicare buds mini 200tips,6,27,22.5,3
Schick Exacta Razor (Blue),26,25,19,3
Schick Exacta Razor (Green),16,34,30.27,3
Schick Rzor (Pink),0,65,53.5,3
Schick Exacta Razor (Yellow),5,24,20.12,3
Sensodyne fresh mint 60G =(2) =73 (srp=85) 88.5=big,1,85,73,3
Sensodyne GUM 100G,0,159,132.46,3
Shades Brown Black,0,75,63.19,3
Shades Med Brown,1,75,63.19,3
Silka Green Papaya Lotion 50ML,11,45,35.91,3
Silka Green Papaya Lotion 100ML,4,69,58.66,3
Silka Green Papaya Lotion 200ML,4,128,107.18,3
Silka Green Papaya Soap 65G NEW(12=18.53),9,23,18.67,3
Silka Green Papaya Soap 90G,4,40,33.04,3
Silka Green Papaya 135G NEW(3=42.14),1,51,42.14,3
Silka Papaya Lotion 50ML,5,40,33.04,3
Silka Papaya Lotion 100ML NEW=4(55.06),0,66,54.28,3
Silka Papaya Lotion 200ML new=4(97.93),1,118,98.17,3
Silka Orange Papaya Soap 65G NEW=12(15.56),1,19,15.56,3
Silka Orange Papaya Soap 90G new=29.45(3),5,36,29.45,3
Silka Orange Papaya Soap 135G,4,51,42.14,3
Silka Facial Cleanser Papaya 75ML allp=6(23.76),13,30,23.66,3
Silka Facial Cleanser Papaya 150ML,5,45,37.6,3
Silka Facial ROLL ON 25ML orange green=32.72(5),1,40,32.72,3
Silka roll on green 40ML NEW=5(42.01)/GREEN=6,9,52,42.01,3
Skinwhite Face Cream Powder rose whkite 7G,6,35,25.31,3
Skinwhite Face Cream Powder Light Beige 7G,5,35,25.31,3
Skinwhite Face Cream Powder White 7G,6,35,25.31,3
Skinwhite Lotion SPF10 50ML,0,54,45.04,3
Skinwhite Lotion SPF10 100ML,0,92,76.36,3
Skinwhite Lotion White SPF10 100ML,1,95,76.36,3
SHARK OIL,5,95,80,3
Stylex Hair Polish 50G,1,35,29.18,3
Stylex Hair Polish 100G,3,61,50.46,3
Stylex Setting Lotion 125ml,1,30,24.8,3
Stylex Gel 50G,4,22,17.7,3
Surf Fab con,7,9,7.44,3
Surf Powder Fab con Cherry Blossom (Red) 65G acro=12(6.44),21,8,6.24,3
Surf Powder Fab con yellow 65G new=6(6.44),21,8,6.24,3
Surf  Bar 65G,4,9,6.87,3
Surf  powder pink,12,8,6.06,3
Tender Care powder blue 25g,2,20,13.33,3
Tender Care Soap Classic 80G,0,34,27.75,3
Tender Care Soap Sakura 60G,2,20,15.83,3
Tender Care Soap Classic 60G,0,16,12.91,3
Tender Care Talc Mild 50G (Blue) ALL=12(22.97),3,30,22.97,3
Tender Care Talc Mild 100G allp=6(44.99),13,59,46.22,3
Tender Care Powder Pink Soft 50G,12,30,23.6,3
Tender Care Powder Pink Soft 100G NEW=12(44.99),14,55,44.99,3
Tender Care Powder Sakura 50G NEW=6(24.57),12,30,22.97,3
Tender Care Powder Sakura 100G,0,58,48.26,3
Tide Powder Twin Pack (Downy) new=14(11.88),14,16,13.39,3
Tide Bar Soap 120G,3,15,12.63,3
TIDE BAR PUTOL,0,11,9.33,3
Top Gel Papaya White Soap 145G,1,70,52,3
Travel Tissue,11,7,4.5,3
Uni Kojic Soap 90G,5,30,21.12,3
Uni Kojic with Gluta Soap 90G single,2,30,21.12,3
Uni Kojic with Gluta Soap 90G 2'/ WHITE=4,6,50,43.2,3
Vaseline Lotion Healthy White (Pink)100ML,3,137,114.3,3
Vaseline Lotion Healthy White  200ML,0,220,184.15,3
Vaseline Lotion Total Moisture (Yellow) 100ML,0,131,109.2,3
Veet Hair removal cream,1,139,115.24,3
Vitress Hair Polish 50ML,0,58,46.95,3
Vitress Hair Cuticle  Coat 30ML,1,87,72.27,3
Vitress Hair Cuticle  Coat 30ML new,3,83,68.83,3
Vitress Hair Cuticle  Coat 15ML,0,64,53.35,3
Vitress Hair Repair Cuticle Coat relax 30ML  PUMP,0,105,90.22,3
Wipe cotton square pads 35's,5,36,21,3
Wipe cotton buds 35's,0,6,4,3
Youngs Baby Oil 50ML,9,22,18,3
Youngs Cologne Boquet 25ML yellow,13,22,15.94,3
Youngs Cologne Boquet 50ML YELLOW,14,32,25.92,3
Youngs Cologne Boquet 50ML YELLOW dyna(12=26.90),0,32,25.92,3
Youngs Cologne Cool 25ML white,6,22,15.25,3
Youngs Cologne Cool 50ML white,8,32,25.92,3
Youngs Cologne Endless 25ML pink,16,22,15.94,3
Youngs Cologne Endless 50ML,9,32,25.92,3
Youngs Cologne Extreme Fantasy 25ML blue,13,22,15.94,3
Youngs Cologne Extreme Fantasy 50ML blue,10,31,25.92,3
Youngs Cologne Morning breeze 50ML (NEW),2,32,25.92,3
Youngs Cologne Fruit 25ML orange,0,19,15.25,3
Youngs Cologne Fruit 50ML,8,31,25.92,3
Youngs Cologne Wet Fantasy 25ML violet,11,19,15.94,3
Youngs Cologne Wet Fantasy 50ML,8,32,25.92,3
Youngs Cologne Wild 25ML gray,12,22,15.94,3
Youngs Cologne Wild 50ML,11,32,25.92,3
Youngs Powder Blue 25G,4,12,9.79,3
Youngs Powder Blue 50G,5,19,15.36,3
Youngs Powder Pink  25G,10,19,14.4,3
Youngs Powder Pink  50G,4,25,20.64,3
Youngs Powder Purple 50G,0,15,15.56,3
Youngs Powder White 25G,9,12,9.79,3
Youngs Powder White 50G,11,19,15.36,3
Youngs Styling Gel Clear 50ML,3,13,9.32,3
Youngs Styling Gel Clear  100ML,3,23,19.01,3
Youngs Styling Gel YELLOW 50ML,0,13,9.32,3
Zonrox Bleach (Floral) 250ML,0,19,15.75,3
Zonrox Bleach (Original) 100ML,3,12,9.75,3
Zonrox Bleach (Original) 250ML,2,20,16,3
Zonrox Bleach Color Protect 250ML,0,32,26.5,3
TOKYO SCENT,1,75,59,3
Brillian kayaku soap,0,50,40,3
Brilliant Rejuv set,0,315,260,3
Brilliant rejuv Set frema,8,315,280,3
Brilliant Rejuv Toner 60ml,0,120,95,3
Brilliant Whitening toner 60ml,0,120,95,3
Brilliant Rejuv Soap,1,100,85,3
Brilliant Rejuv Cream,1,120,57.5,3
Brilliant whitening soap,0,90,80,3
Brilliant whitening soap SMALL,0,55,45,3
Brilliant Sunscreen cream,0,105,85,3
